a495068a-9d3c-402f-b901-285b30c00fcc;O exemplo
vem de cima para baixo na medida que a prepotência, a desfaçatez, a arrogância se
faz sentir como forma de poder e influencia social, contaminando todos os
setores, nem o púlpito das igrejas, onde se deveriam escutar palavras de sabedoria
ficou imune perante essa pandemia do mais grotesco que existe no ser humano que
busca sempre a forma de denegrir a seu semelhante.;0;0;;a1f4c69f-7d0f-427f-96d8-6ae04102450a;Caso mariana ferrer deputadas apresentam projeto para tornar crime a violencia instituciona;https://g1.globo.com/politica/noticia/2020/11/04/caso-mariana-ferrer-deputadas-apresentam-projeto-para-tornar-crime-a-violencia-institucional.ghtml
b68527b5-c314-4333-ae30-5aee8c288e11;Parabéns as autoras deste anteprojeto de lei. O Brasil precisa avançar e essas nobres deputadas estão prestando um excelente serviço para tanto. Agora penso que as autoridades competentes precisam fazer uma quebra do sigilo bancário, telefônico e outros pertinentes às apurações por que esse juiz e esse promotor, como que pediu para sair do caso, dando lugar o ao outro não devem ter feito esses absurdos a troco de nada. Isso está me cheirando a venda de sentença. Me desculpa quem pode se sentir ofendido, mas é minha desconfiança e penso que deve ser apurada.;0;0;;a1f4c69f-7d0f-427f-96d8-6ae04102450a;Caso mariana ferrer deputadas apresentam projeto para tornar crime a violencia instituciona;https://g1.globo.com/politica/noticia/2020/11/04/caso-mariana-ferrer-deputadas-apresentam-projeto-para-tornar-crime-a-violencia-institucional.ghtml
07c9b67f-3d5c-41e8-9e84-39581b99bdbc;Olha, no caso de estupro é a palavra da vítima contra a do agressor. Nunca q o cara vai dizer q fez isso, mas o q me choca é um bando de cara defendendo ele! Concordo q existem sim mulher que fazem o uso incorreto , e exatamente essa má fé tira toda a credibilidade de uma vítima real. Eu acredito nela! Um mentiroso não se mantem na mentira. Eu me sinto um lixo quando leio esses tipos de comentário, eu voltando do trabalho e cara entra na minha casa, só não fez o pior pq meu pai estava lá!  Ninguém é santo, é n é de hj que os homem comente tal ato e saem impune, #justiçamarianaferrer;1;0;;a1f4c69f-7d0f-427f-96d8-6ae04102450a;Caso mariana ferrer deputadas apresentam projeto para tornar crime a violencia instituciona;https://g1.globo.com/politica/noticia/2020/11/04/caso-mariana-ferrer-deputadas-apresentam-projeto-para-tornar-crime-a-violencia-institucional.ghtml
49b3791e-8e45-42ce-94a9-e7e2ff8cc17d;Mais um que se informa pelo Whatsapp ;1;0;Olha, no caso de estupro é a palavra da vítima contra a do agressor. Nunca q o cara vai dizer q fez isso, mas o q me choca é um bando de cara defendendo ele! Concordo q existem sim mulher que fazem o uso incorreto , e exatamente essa má fé tira toda a credibilidade de uma vítima real. Eu acredito nela! Um mentiroso não se mantem na mentira. Eu me sinto um lixo quando leio esses tipos de comentário, eu voltando do trabalho e cara entra na minha casa, só não fez o pior pq meu pai estava lá!  Ninguém é santo, é n é de hj que os homem comente tal ato e saem impune, #justiçamarianaferrer;a1f4c69f-7d0f-427f-96d8-6ae04102450a;Caso mariana ferrer deputadas apresentam projeto para tornar crime a violencia instituciona;https://g1.globo.com/politica/noticia/2020/11/04/caso-mariana-ferrer-deputadas-apresentam-projeto-para-tornar-crime-a-violencia-institucional.ghtml
db614f11-8882-407c-a3be-7f35b4158949;Para que precisamos de um poder chamado justiça? Para que? Vivemos a lei do estado de natureza que é o melhor..... ;0;0;;a1f4c69f-7d0f-427f-96d8-6ae04102450a;Caso mariana ferrer deputadas apresentam projeto para tornar crime a violencia instituciona;https://g1.globo.com/politica/noticia/2020/11/04/caso-mariana-ferrer-deputadas-apresentam-projeto-para-tornar-crime-a-violencia-institucional.ghtml
a07e009a-bfe1-4b2f-903f-a288a213296e;A vítima era uma santa, abusaram de sua inocência, nunca tinha colocado álcool no corpo, era do interior, não conhece internet e nem redes sociais, estava indo para a igreja e foi forçada a entrar na casa do demônio.;0;0;;a1f4c69f-7d0f-427f-96d8-6ae04102450a;Caso mariana ferrer deputadas apresentam projeto para tornar crime a violencia instituciona;https://g1.globo.com/politica/noticia/2020/11/04/caso-mariana-ferrer-deputadas-apresentam-projeto-para-tornar-crime-a-violencia-institucional.ghtml
2912a8f6-a113-4fd5-87ad-0deea4e7416c;Na minha opinião, o que não falta são iniciativas e vontade para todo o tipo de situação, mas esperam-se acontecer algo "popular" para chamar atenção do público para o seu próprio benefício, essencialmente para esta eleição. Por muito tempo, este problema persiste, sem solução até hoje, mas esperam algo acontecer e chamar atenção para, de proveito, mostrar um projeto para ganhar popularidade e, depois de 1 ano, este projeto vira um arquivo morto, e o problema persistirá, e os números de mulheres cada vez mais traumatizada. São apenas números. Parabéns ! Veremos o próximo projeto.;0;0;;a1f4c69f-7d0f-427f-96d8-6ae04102450a;Caso mariana ferrer deputadas apresentam projeto para tornar crime a violencia instituciona;https://g1.globo.com/politica/noticia/2020/11/04/caso-mariana-ferrer-deputadas-apresentam-projeto-para-tornar-crime-a-violencia-institucional.ghtml
a8a8591e-5b3a-4c4c-9503-9a4979c2d02e;Pena de morte, castracao quimica ou curtir como 40\13 Veloso ;0;0;;a1f4c69f-7d0f-427f-96d8-6ae04102450a;Caso mariana ferrer deputadas apresentam projeto para tornar crime a violencia instituciona;https://g1.globo.com/politica/noticia/2020/11/04/caso-mariana-ferrer-deputadas-apresentam-projeto-para-tornar-crime-a-violencia-institucional.ghtml
04ab1dec-b2d9-4ad4-83e5-a689d3ec248e;ESTRUPO CULPOSO ! Primeira vez que ouço uma aberração destas ! Quando não há intenção do acusado de cometer  estrupo. ESSE CASO DEVERIA SER TODO REVISTO, por outra BANCA, outro JUIZ inclusive.;0;0;;a1f4c69f-7d0f-427f-96d8-6ae04102450a;Caso mariana ferrer deputadas apresentam projeto para tornar crime a violencia instituciona;https://g1.globo.com/politica/noticia/2020/11/04/caso-mariana-ferrer-deputadas-apresentam-projeto-para-tornar-crime-a-violencia-institucional.ghtml
477bcffc-b148-49ec-8886-7317bf6669a2;A Najila (do Neymar) também é um encanto de doçura e inocência!!!;0;0;ESTRUPO CULPOSO ! Primeira vez que ouço uma aberração destas ! Quando não há intenção do acusado de cometer  estrupo. ESSE CASO DEVERIA SER TODO REVISTO, por outra BANCA, outro JUIZ inclusive.;a1f4c69f-7d0f-427f-96d8-6ae04102450a;Caso mariana ferrer deputadas apresentam projeto para tornar crime a violencia instituciona;https://g1.globo.com/politica/noticia/2020/11/04/caso-mariana-ferrer-deputadas-apresentam-projeto-para-tornar-crime-a-violencia-institucional.ghtml
83dc07d6-3595-4b52-b8b7-92f01c29b182;Kkkk comprou a tese? Vai estudar!;0;0;ESTRUPO CULPOSO ! Primeira vez que ouço uma aberração destas ! Quando não há intenção do acusado de cometer  estrupo. ESSE CASO DEVERIA SER TODO REVISTO, por outra BANCA, outro JUIZ inclusive.;a1f4c69f-7d0f-427f-96d8-6ae04102450a;Caso mariana ferrer deputadas apresentam projeto para tornar crime a violencia instituciona;https://g1.globo.com/politica/noticia/2020/11/04/caso-mariana-ferrer-deputadas-apresentam-projeto-para-tornar-crime-a-violencia-institucional.ghtml
cf17c26d-65fa-414f-972b-337398e13ade;Quem falou essa aberração foi apenas a imprensa. Informe-se melhor.;0;0;ESTRUPO CULPOSO ! Primeira vez que ouço uma aberração destas ! Quando não há intenção do acusado de cometer  estrupo. ESSE CASO DEVERIA SER TODO REVISTO, por outra BANCA, outro JUIZ inclusive.;a1f4c69f-7d0f-427f-96d8-6ae04102450a;Caso mariana ferrer deputadas apresentam projeto para tornar crime a violencia instituciona;https://g1.globo.com/politica/noticia/2020/11/04/caso-mariana-ferrer-deputadas-apresentam-projeto-para-tornar-crime-a-violencia-institucional.ghtml
bb39083b-99b6-4e28-a7bd-3a36d59b1a09;Sou pai , filho e esposo e espero q esse cidadão pague , aliaz ja esta pagando , tudo que aqui se faz aqui se paga pode ter pago  advogado, juiz , mais as consequencias estão ai , todos compartilhando o rostinho dele para as pessoas saberem quem é , passe o tempo que for sempre alguem vai lembrar desse estuprador . E que pague pelo que fez..;0;0;;a1f4c69f-7d0f-427f-96d8-6ae04102450a;Caso mariana ferrer deputadas apresentam projeto para tornar crime a violencia instituciona;https://g1.globo.com/politica/noticia/2020/11/04/caso-mariana-ferrer-deputadas-apresentam-projeto-para-tornar-crime-a-violencia-institucional.ghtml
88055ec3-a11a-4f7d-a4d4-1878bfa17481;Ele foi julgado inocente? Alias o Mp pediu a sua inocência! Criminalizar a advocacia é igual a seguro. Quando precisa é bom ter...;0;0;Sou pai , filho e esposo e espero q esse cidadão pague , aliaz ja esta pagando , tudo que aqui se faz aqui se paga pode ter pago  advogado, juiz , mais as consequencias estão ai , todos compartilhando o rostinho dele para as pessoas saberem quem é , passe o tempo que for sempre alguem vai lembrar desse estuprador . E que pague pelo que fez..;a1f4c69f-7d0f-427f-96d8-6ae04102450a;Caso mariana ferrer deputadas apresentam projeto para tornar crime a violencia instituciona;https://g1.globo.com/politica/noticia/2020/11/04/caso-mariana-ferrer-deputadas-apresentam-projeto-para-tornar-crime-a-violencia-institucional.ghtml
b47cd0f6-9af4-49ae-91c6-0b26db59219a;Demorou pra isso acontecer, só foi uma mauricinha da elite brasileira reclamar que os defensores aproveitadores de ocasião aparecerem com medidas punitivas, quantos casos desses que acontece com as mulheres pobres e a ala politica nunca apresentaram o projeto pra tornar essa prática em crime de violência, vide o caso da menina de 10 anos dias atrás, é só no BR mesmo. ;0;0;;a1f4c69f-7d0f-427f-96d8-6ae04102450a;Caso mariana ferrer deputadas apresentam projeto para tornar crime a violencia instituciona;https://g1.globo.com/politica/noticia/2020/11/04/caso-mariana-ferrer-deputadas-apresentam-projeto-para-tornar-crime-a-violencia-institucional.ghtml
b36ae5a3-b120-4566-b9f5-bbc4b5b96f67;Deveriam se preocupar com a chamada presunção de inocencia - pq a hora que for com algum conhecido é assim que o pano é sempre passado por esses ai que estao na lacracao. Ah, ela é vitima, chorou, foi acuada, queriam o advogado de defesa a santificasse tb, etc etc etc. Mas e as provas? Exames deram negativo contradizendo a versao dela. Testemunhas contrariam ela. Ah, mas basta ela dizer que nao queria. OK. Mas ela afirmou que nao se lembrava de nada, que foi dopada - agora lembrou q disse q nao queria? ai fica complicado, nao é o acusado q tem provar que é inocente.;1;0;;a1f4c69f-7d0f-427f-96d8-6ae04102450a;Caso mariana ferrer deputadas apresentam projeto para tornar crime a violencia instituciona;https://g1.globo.com/politica/noticia/2020/11/04/caso-mariana-ferrer-deputadas-apresentam-projeto-para-tornar-crime-a-violencia-institucional.ghtml
ce24c38d-35d9-467e-838c-96ff714a8d6d;Tenho Mae, irmã,esposa e filha . Motivo suficiente para defender as mulheres, mas nesse caso e impossível, o bonitona ai foi por que quis, fez o que quiz, nao foi forçada a nada .A verdade e que no dia seguinte as coisas não aconteceram como ela esperava, se arrependeu do que fez. Que sirva de exemplo. A vida e feita de escolhar é consequência. ;1;0;;a1f4c69f-7d0f-427f-96d8-6ae04102450a;Caso mariana ferrer deputadas apresentam projeto para tornar crime a violencia instituciona;https://g1.globo.com/politica/noticia/2020/11/04/caso-mariana-ferrer-deputadas-apresentam-projeto-para-tornar-crime-a-violencia-institucional.ghtml
763c97c8-fb05-4ce7-8c5f-4b1997ada42e;Valadares, Valadares eu vim de Governador Valadares.;0;0;Tenho Mae, irmã,esposa e filha . Motivo suficiente para defender as mulheres, mas nesse caso e impossível, o bonitona ai foi por que quis, fez o que quiz, nao foi forçada a nada .A verdade e que no dia seguinte as coisas não aconteceram como ela esperava, se arrependeu do que fez. Que sirva de exemplo. A vida e feita de escolhar é consequência. ;a1f4c69f-7d0f-427f-96d8-6ae04102450a;Caso mariana ferrer deputadas apresentam projeto para tornar crime a violencia instituciona;https://g1.globo.com/politica/noticia/2020/11/04/caso-mariana-ferrer-deputadas-apresentam-projeto-para-tornar-crime-a-violencia-institucional.ghtml
2f92a59c-80f6-432d-988f-765ab9348961;Bem, só sei que o “empresário” deve ter pago uma pequena fortuna para não pagar de mulherzinha na cadeia, simples assim. ;3;0;;a1f4c69f-7d0f-427f-96d8-6ae04102450a;Caso mariana ferrer deputadas apresentam projeto para tornar crime a violencia instituciona;https://g1.globo.com/politica/noticia/2020/11/04/caso-mariana-ferrer-deputadas-apresentam-projeto-para-tornar-crime-a-violencia-institucional.ghtml
087586a6-a4bd-4ac8-a3a7-5cc6b3066ba1;Com que provas voce diz isso? O cara sofreu uma falsa acusacao de estupro e voce fica do lado da criminosa? Voce é louco. ;4;0;Bem, só sei que o “empresário” deve ter pago uma pequena fortuna para não pagar de mulherzinha na cadeia, simples assim. ;a1f4c69f-7d0f-427f-96d8-6ae04102450a;Caso mariana ferrer deputadas apresentam projeto para tornar crime a violencia instituciona;https://g1.globo.com/politica/noticia/2020/11/04/caso-mariana-ferrer-deputadas-apresentam-projeto-para-tornar-crime-a-violencia-institucional.ghtml
6f22e08c-8713-4632-8df2-9fdc3448f526;Nada de álcool e nada de toxicológico. Amigas contam que ela estava totalmente sóbria. Outro caso Neymar para ganhar repercussão e, é claro, seguidores no insta. Caso tão real quanto a tal sentença de estupro culposo que nunca existiu. Lacrosfera e perfil do insta agradecem.;5;0;;a1f4c69f-7d0f-427f-96d8-6ae04102450a;Caso mariana ferrer deputadas apresentam projeto para tornar crime a violencia instituciona;https://g1.globo.com/politica/noticia/2020/11/04/caso-mariana-ferrer-deputadas-apresentam-projeto-para-tornar-crime-a-violencia-institucional.ghtml
4da08d2b-aae5-4a72-a56e-317a9882c94a;Pois é. As interesseras apoiando a criminosa e os caras pensando com o pinto;1;0;Nada de álcool e nada de toxicológico. Amigas contam que ela estava totalmente sóbria. Outro caso Neymar para ganhar repercussão e, é claro, seguidores no insta. Caso tão real quanto a tal sentença de estupro culposo que nunca existiu. Lacrosfera e perfil do insta agradecem.;a1f4c69f-7d0f-427f-96d8-6ae04102450a;Caso mariana ferrer deputadas apresentam projeto para tornar crime a violencia instituciona;https://g1.globo.com/politica/noticia/2020/11/04/caso-mariana-ferrer-deputadas-apresentam-projeto-para-tornar-crime-a-violencia-institucional.ghtml
ea7325e0-cfe8-4612-bf42-1ef84b2c4089;(Especialmente para Sandi Antonio Tadeu...)Onde foi o caso???...*Santa Catarina - um Estado nazifascista, onde um ex-aliado do Bozo foi impugnado. e uma herdeira de apólogos do nazifascismo - e aliadíssima do Bozo - assumiu o governo.*Mais explicações???...Vamos simplificar: *SANTA CATARINA - UM ESTADO NAZIFASCISTA ELEITOR DO BOZO.*Pronto: explicado e desenhado.;3;0;;a1f4c69f-7d0f-427f-96d8-6ae04102450a;Caso mariana ferrer deputadas apresentam projeto para tornar crime a violencia instituciona;https://g1.globo.com/politica/noticia/2020/11/04/caso-mariana-ferrer-deputadas-apresentam-projeto-para-tornar-crime-a-violencia-institucional.ghtml
0da00223-e405-481e-ad00-3238cedfea23;Típico esquerdista;2;0;(Especialmente para Sandi Antonio Tadeu...)Onde foi o caso???...*Santa Catarina - um Estado nazifascista, onde um ex-aliado do Bozo foi impugnado. e uma herdeira de apólogos do nazifascismo - e aliadíssima do Bozo - assumiu o governo.*Mais explicações???...Vamos simplificar: *SANTA CATARINA - UM ESTADO NAZIFASCISTA ELEITOR DO BOZO.*Pronto: explicado e desenhado.;a1f4c69f-7d0f-427f-96d8-6ae04102450a;Caso mariana ferrer deputadas apresentam projeto para tornar crime a violencia instituciona;https://g1.globo.com/politica/noticia/2020/11/04/caso-mariana-ferrer-deputadas-apresentam-projeto-para-tornar-crime-a-violencia-institucional.ghtml
c60e9322-8db6-487f-98d6-2b3b0c7e3fa4;Racista. :...;2;0;(Especialmente para Sandi Antonio Tadeu...)Onde foi o caso???...*Santa Catarina - um Estado nazifascista, onde um ex-aliado do Bozo foi impugnado. e uma herdeira de apólogos do nazifascismo - e aliadíssima do Bozo - assumiu o governo.*Mais explicações???...Vamos simplificar: *SANTA CATARINA - UM ESTADO NAZIFASCISTA ELEITOR DO BOZO.*Pronto: explicado e desenhado.;a1f4c69f-7d0f-427f-96d8-6ae04102450a;Caso mariana ferrer deputadas apresentam projeto para tornar crime a violencia instituciona;https://g1.globo.com/politica/noticia/2020/11/04/caso-mariana-ferrer-deputadas-apresentam-projeto-para-tornar-crime-a-violencia-institucional.ghtml
13bd8706-4049-46a4-8995-b3e0a5eddfe4;Quer dizer que o quê do que esta escrevendo o que mesmo. Aqui tem PeTero que não sabe nem escrever e fica escrevendo asneiras e asneiras. Resposta para a cambada que escreveu acima.;0;0;(Especialmente para Sandi Antonio Tadeu...)Onde foi o caso???...*Santa Catarina - um Estado nazifascista, onde um ex-aliado do Bozo foi impugnado. e uma herdeira de apólogos do nazifascismo - e aliadíssima do Bozo - assumiu o governo.*Mais explicações???...Vamos simplificar: *SANTA CATARINA - UM ESTADO NAZIFASCISTA ELEITOR DO BOZO.*Pronto: explicado e desenhado.;a1f4c69f-7d0f-427f-96d8-6ae04102450a;Caso mariana ferrer deputadas apresentam projeto para tornar crime a violencia instituciona;https://g1.globo.com/politica/noticia/2020/11/04/caso-mariana-ferrer-deputadas-apresentam-projeto-para-tornar-crime-a-violencia-institucional.ghtml
40e7f42e-f5ac-49f1-bdae-e267db0650da;O advogado de defesa tenta induzir o juiz de que a vítima é uma pessoa 
dissimulada ou manipuladora,  na tentativa de convencer que a relação 
tenha sido consensual. Qual a novidade nesse comportamento? Isso acontece nos tribunais do mundo inteiro, principalmente quando é a palavra de um contra a palavra do outro.O que achei estranho foi o comportamento do promotor, embora a reportagem seja muito rasa em relação ao conteúdo das provas apresentadas.;0;0;;a1f4c69f-7d0f-427f-96d8-6ae04102450a;Caso mariana ferrer deputadas apresentam projeto para tornar crime a violencia instituciona;https://g1.globo.com/politica/noticia/2020/11/04/caso-mariana-ferrer-deputadas-apresentam-projeto-para-tornar-crime-a-violencia-institucional.ghtml
d816b12d-87d5-493f-b212-4b27e249cf8b;Mais um carente querendo migalhas de bœceta. ;1;0;O advogado de defesa tenta induzir o juiz de que a vítima é uma pessoa 
dissimulada ou manipuladora,  na tentativa de convencer que a relação 
tenha sido consensual. Qual a novidade nesse comportamento? Isso acontece nos tribunais do mundo inteiro, principalmente quando é a palavra de um contra a palavra do outro.O que achei estranho foi o comportamento do promotor, embora a reportagem seja muito rasa em relação ao conteúdo das provas apresentadas.;a1f4c69f-7d0f-427f-96d8-6ae04102450a;Caso mariana ferrer deputadas apresentam projeto para tornar crime a violencia instituciona;https://g1.globo.com/politica/noticia/2020/11/04/caso-mariana-ferrer-deputadas-apresentam-projeto-para-tornar-crime-a-violencia-institucional.ghtml
eb1062ff-e99e-45d0-9cfc-d69fae18e546;Só lei mesmo senão teremos mais casos como este, pessoas bebem aí poderão sofrer violência ou serem mortas, afinal estavam bêbadas, quem manda beberem, quem manda estarem com pouca roupa, quem manda estarem usando droga.....É assim vai...;0;0;;a1f4c69f-7d0f-427f-96d8-6ae04102450a;Caso mariana ferrer deputadas apresentam projeto para tornar crime a violencia instituciona;https://g1.globo.com/politica/noticia/2020/11/04/caso-mariana-ferrer-deputadas-apresentam-projeto-para-tornar-crime-a-violencia-institucional.ghtml
ffbc0035-23d1-48c0-900f-f0cd41cbef00;Ela nao estava bebada e nem houve estupro. Não seja mal carater.;1;0;Só lei mesmo senão teremos mais casos como este, pessoas bebem aí poderão sofrer violência ou serem mortas, afinal estavam bêbadas, quem manda beberem, quem manda estarem com pouca roupa, quem manda estarem usando droga.....É assim vai...;a1f4c69f-7d0f-427f-96d8-6ae04102450a;Caso mariana ferrer deputadas apresentam projeto para tornar crime a violencia instituciona;https://g1.globo.com/politica/noticia/2020/11/04/caso-mariana-ferrer-deputadas-apresentam-projeto-para-tornar-crime-a-violencia-institucional.ghtml
877d223a-54e2-4ed8-9df1-69b7cc4c2062;A Najila (do Neymar) também é um encanto de doçura e inocência!;0;0;Só lei mesmo senão teremos mais casos como este, pessoas bebem aí poderão sofrer violência ou serem mortas, afinal estavam bêbadas, quem manda beberem, quem manda estarem com pouca roupa, quem manda estarem usando droga.....É assim vai...;a1f4c69f-7d0f-427f-96d8-6ae04102450a;Caso mariana ferrer deputadas apresentam projeto para tornar crime a violencia instituciona;https://g1.globo.com/politica/noticia/2020/11/04/caso-mariana-ferrer-deputadas-apresentam-projeto-para-tornar-crime-a-violencia-institucional.ghtml
eb0e21b7-6785-4a33-9033-3bde517a25e5;Claitson Dutra o fato não é só a sentença, a moça foi exposta ao machismo de quem está ali pra defender as instituições causa estranheza a passividade do promotor e do juiz, muito estranho quem conduziu o julgamento foi o advogado de defesa.;1;0;;a1f4c69f-7d0f-427f-96d8-6ae04102450a;Caso mariana ferrer deputadas apresentam projeto para tornar crime a violencia instituciona;https://g1.globo.com/politica/noticia/2020/11/04/caso-mariana-ferrer-deputadas-apresentam-projeto-para-tornar-crime-a-violencia-institucional.ghtml
55c7250d-62e2-4f97-90a0-ae98a1302e22;Só ta falando isso porque a mina é bonitinha né? Quando acontece isso com preto e pobre vc nao diz nada. Ele é uma falsa acusadora. Tentou enganar a justiça e condenar um inocente. Voce acha isso legal? ;1;0;Claitson Dutra o fato não é só a sentença, a moça foi exposta ao machismo de quem está ali pra defender as instituições causa estranheza a passividade do promotor e do juiz, muito estranho quem conduziu o julgamento foi o advogado de defesa.;a1f4c69f-7d0f-427f-96d8-6ae04102450a;Caso mariana ferrer deputadas apresentam projeto para tornar crime a violencia instituciona;https://g1.globo.com/politica/noticia/2020/11/04/caso-mariana-ferrer-deputadas-apresentam-projeto-para-tornar-crime-a-violencia-institucional.ghtml
8af63106-23f4-4102-a721-9d6b6bb5781a;Tem uma minissérie na Netflix que retrata muito bem essa violência institucional ao qual as parlamentares se referem. Chama-se inacreditável. Quem quiser assistir é muito bom.;1;0;;a1f4c69f-7d0f-427f-96d8-6ae04102450a;Caso mariana ferrer deputadas apresentam projeto para tornar crime a violencia instituciona;https://g1.globo.com/politica/noticia/2020/11/04/caso-mariana-ferrer-deputadas-apresentam-projeto-para-tornar-crime-a-violencia-institucional.ghtml
1081af1b-029f-4903-886a-156072118a80;Deveria ter uma minisérie com as falsas acusadoras e a vidas destruidas dos homens inocentes...;1;0;Tem uma minissérie na Netflix que retrata muito bem essa violência institucional ao qual as parlamentares se referem. Chama-se inacreditável. Quem quiser assistir é muito bom.;a1f4c69f-7d0f-427f-96d8-6ae04102450a;Caso mariana ferrer deputadas apresentam projeto para tornar crime a violencia instituciona;https://g1.globo.com/politica/noticia/2020/11/04/caso-mariana-ferrer-deputadas-apresentam-projeto-para-tornar-crime-a-violencia-institucional.ghtml
5f4f5399-0f37-4b22-949a-3376372ddb2a;Acho que as perderam a noção quando se fala em dinheiro. O sul do país sempre quer ser melhor q os estados.  Ta aí a resposta quem é machista agora, o norte ou nordeste?. Vergonha tem . Fosse no Norte  ou nordeste esse empresário iria pro inferno. Ela é vítima dos da região q ser mais que outros estado. Brasil uma vergonha com essas decisões baseada em dinheiro. ;2;0;;a1f4c69f-7d0f-427f-96d8-6ae04102450a;Caso mariana ferrer deputadas apresentam projeto para tornar crime a violencia instituciona;https://g1.globo.com/politica/noticia/2020/11/04/caso-mariana-ferrer-deputadas-apresentam-projeto-para-tornar-crime-a-violencia-institucional.ghtml
6edfbdbf-49ec-4b73-a724-f974b4eb92bd;Ela não é vitima. É uma falsa acusadora. Vai ficar do lado da criminosa?;1;0;Acho que as perderam a noção quando se fala em dinheiro. O sul do país sempre quer ser melhor q os estados.  Ta aí a resposta quem é machista agora, o norte ou nordeste?. Vergonha tem . Fosse no Norte  ou nordeste esse empresário iria pro inferno. Ela é vítima dos da região q ser mais que outros estado. Brasil uma vergonha com essas decisões baseada em dinheiro. ;a1f4c69f-7d0f-427f-96d8-6ae04102450a;Caso mariana ferrer deputadas apresentam projeto para tornar crime a violencia instituciona;https://g1.globo.com/politica/noticia/2020/11/04/caso-mariana-ferrer-deputadas-apresentam-projeto-para-tornar-crime-a-violencia-institucional.ghtml
db72a55a-d151-49c1-bb3c-acceed9d3310;Um comentário da moça me causou impacto, dentre outros: nem reus, criminosos mesmos, são tratados com o tremendo desrespeito visto ali. Não é ela quem estava em julgamento. ;3;0;;a1f4c69f-7d0f-427f-96d8-6ae04102450a;Caso mariana ferrer deputadas apresentam projeto para tornar crime a violencia instituciona;https://g1.globo.com/politica/noticia/2020/11/04/caso-mariana-ferrer-deputadas-apresentam-projeto-para-tornar-crime-a-violencia-institucional.ghtml
1e597f83-1592-4e0f-919e-bce6451828ae;Engraçado o silêncio da OAB. Se o juiz interfere, o advogado arma o barraco, diz que está sendo cerceado, planta nulidades e reclama pela defesa de suas prerrogativas. Se o juiz permite que o "causídico" faça seu teatro, é tido como responsável pela verborragia alheia. Quem opina, inclusive membros do CNJ, deveriam conhecer a realidade antes de dizer e defender bobagens. Quem tem de ser chamado a se explicar é o suprassumo do advogado.;3;0;;a1f4c69f-7d0f-427f-96d8-6ae04102450a;Caso mariana ferrer deputadas apresentam projeto para tornar crime a violencia instituciona;https://g1.globo.com/politica/noticia/2020/11/04/caso-mariana-ferrer-deputadas-apresentam-projeto-para-tornar-crime-a-violencia-institucional.ghtml
959f3747-2ec1-403d-80e7-195703adb572;Todos os envolvidos tem de dar explicações, o juiz também pelo péssimo serviço prestado. Ele ganha o teto do funcionalismo público e deve muito a sociedade.;0;0;Engraçado o silêncio da OAB. Se o juiz interfere, o advogado arma o barraco, diz que está sendo cerceado, planta nulidades e reclama pela defesa de suas prerrogativas. Se o juiz permite que o "causídico" faça seu teatro, é tido como responsável pela verborragia alheia. Quem opina, inclusive membros do CNJ, deveriam conhecer a realidade antes de dizer e defender bobagens. Quem tem de ser chamado a se explicar é o suprassumo do advogado.;a1f4c69f-7d0f-427f-96d8-6ae04102450a;Caso mariana ferrer deputadas apresentam projeto para tornar crime a violencia instituciona;https://g1.globo.com/politica/noticia/2020/11/04/caso-mariana-ferrer-deputadas-apresentam-projeto-para-tornar-crime-a-violencia-institucional.ghtml
0c3c3c7c-0b90-4c00-9413-7baf33521c4f;Tem que se criar uma lei também para impedir que advogados no exercício de defesa de seus clientes tenham o direito de se utilizar de termos que denigrem a imagem e a reputação da outra parte (oque foi utilizado amplamente no caso em questão). Em fim, tem que mudar o código penal ultrapassado brasileiro.;0;0;;a1f4c69f-7d0f-427f-96d8-6ae04102450a;Caso mariana ferrer deputadas apresentam projeto para tornar crime a violencia instituciona;https://g1.globo.com/politica/noticia/2020/11/04/caso-mariana-ferrer-deputadas-apresentam-projeto-para-tornar-crime-a-violencia-institucional.ghtml
acda0fe7-0f4d-4292-8c0d-a1baa9b679ba;Então vai ter que mudar o brasileiro e o internacional também. Pois essa prática é comum em todos os lugares do mundo. O advogado de defesa tenta induzir o júri de que a vítima é uma pessoa dissimulada ou manipuladora,  na tentativa de convencer que a relação tenha sido consensual.;0;0;Tem que se criar uma lei também para impedir que advogados no exercício de defesa de seus clientes tenham o direito de se utilizar de termos que denigrem a imagem e a reputação da outra parte (oque foi utilizado amplamente no caso em questão). Em fim, tem que mudar o código penal ultrapassado brasileiro.;a1f4c69f-7d0f-427f-96d8-6ae04102450a;Caso mariana ferrer deputadas apresentam projeto para tornar crime a violencia instituciona;https://g1.globo.com/politica/noticia/2020/11/04/caso-mariana-ferrer-deputadas-apresentam-projeto-para-tornar-crime-a-violencia-institucional.ghtml
23946142-f506-40d2-8328-d4d31695db1d;Brasil, onde o poste mij4 no cachorro. Tudo errado, tudo ao contrário. Lamentável o que o juizeco corrupto permitiu e fez. Se fosse um país sério estariam todos em uma Câmara de gás. Sem mais.;3;0;;a1f4c69f-7d0f-427f-96d8-6ae04102450a;Caso mariana ferrer deputadas apresentam projeto para tornar crime a violencia instituciona;https://g1.globo.com/politica/noticia/2020/11/04/caso-mariana-ferrer-deputadas-apresentam-projeto-para-tornar-crime-a-violencia-institucional.ghtml
8c0ae907-952d-43f4-8e57-0affd2d7fc47;Porque não santificá-la? Afinal agora tudo que mulher fala é verdade. Tenho visto no meu trabalho muitas vigaristas destruindo a vida de namorados, amantes, maridos, etc, só por despeito por terem sido abandonadas. Sempre que posso oriento: gravem tudo, não falem com elas sem uma testemunha junto, não aceitem de volta. Estamos vivendo a ditadura das mulheres, dos... e dos... A tendência é só piorar. Só vale o politicamente correto. Bando de hipócritas. Respeitem as decisões judiciais, parem de demonizar quem pensa de maneira diversa. Parabéns à justiça!! ;8;0;;a1f4c69f-7d0f-427f-96d8-6ae04102450a;Caso mariana ferrer deputadas apresentam projeto para tornar crime a violencia instituciona;https://g1.globo.com/politica/noticia/2020/11/04/caso-mariana-ferrer-deputadas-apresentam-projeto-para-tornar-crime-a-violencia-institucional.ghtml
a3f00165-3d7e-4f62-9ccd-1fc8d1c97061;Melhor santificar os estupradores né? ;2;0;Porque não santificá-la? Afinal agora tudo que mulher fala é verdade. Tenho visto no meu trabalho muitas vigaristas destruindo a vida de namorados, amantes, maridos, etc, só por despeito por terem sido abandonadas. Sempre que posso oriento: gravem tudo, não falem com elas sem uma testemunha junto, não aceitem de volta. Estamos vivendo a ditadura das mulheres, dos... e dos... A tendência é só piorar. Só vale o politicamente correto. Bando de hipócritas. Respeitem as decisões judiciais, parem de demonizar quem pensa de maneira diversa. Parabéns à justiça!! ;a1f4c69f-7d0f-427f-96d8-6ae04102450a;Caso mariana ferrer deputadas apresentam projeto para tornar crime a violencia instituciona;https://g1.globo.com/politica/noticia/2020/11/04/caso-mariana-ferrer-deputadas-apresentam-projeto-para-tornar-crime-a-violencia-institucional.ghtml
0e802cd3-9d6a-4730-a61d-ebb126899391;A ex paquita Pituxa se auto mutilou para forçar prisão de seu companheiro, Elize Matsunaga cometeu o que quando ocorre com mulheres chamamos de feminicidio. Suzane Von Richthofen aproveitou-se da condição de pais serem país porque acreditava que o dinheiro deles deveria ser seu. E centenas de outros casos onde mulheres mutilam com tesouras, facas os orgãos genitais de homens por suspeita de traição ou possessividade.;0;0;;a1f4c69f-7d0f-427f-96d8-6ae04102450a;Caso mariana ferrer deputadas apresentam projeto para tornar crime a violencia instituciona;https://g1.globo.com/politica/noticia/2020/11/04/caso-mariana-ferrer-deputadas-apresentam-projeto-para-tornar-crime-a-violencia-institucional.ghtml
7224b083-a09f-4613-992b-1e403b3c3248;Toma vergonha cara, se for somatizar a quantidade de feminicidio estes teus exemplos são pueiril;3;0;A ex paquita Pituxa se auto mutilou para forçar prisão de seu companheiro, Elize Matsunaga cometeu o que quando ocorre com mulheres chamamos de feminicidio. Suzane Von Richthofen aproveitou-se da condição de pais serem país porque acreditava que o dinheiro deles deveria ser seu. E centenas de outros casos onde mulheres mutilam com tesouras, facas os orgãos genitais de homens por suspeita de traição ou possessividade.;a1f4c69f-7d0f-427f-96d8-6ae04102450a;Caso mariana ferrer deputadas apresentam projeto para tornar crime a violencia instituciona;https://g1.globo.com/politica/noticia/2020/11/04/caso-mariana-ferrer-deputadas-apresentam-projeto-para-tornar-crime-a-violencia-institucional.ghtml
597c3ce2-9fd0-4666-9849-075924166656;Mas precisa criar um órgão que não tenha envolvimento do judiciário pra julgar o caso. Pois CNJ teria essa função, mas foi transformado em uma instituição que só presta pra dinheiro publico, não pune juiz nenhum e quando pune é com aposentadoria eterna e gorda. CNJ na verdade é praticamente um Sindicato. ;1;0;;a1f4c69f-7d0f-427f-96d8-6ae04102450a;Caso mariana ferrer deputadas apresentam projeto para tornar crime a violencia instituciona;https://g1.globo.com/politica/noticia/2020/11/04/caso-mariana-ferrer-deputadas-apresentam-projeto-para-tornar-crime-a-violencia-institucional.ghtml
29290d8f-094d-4daa-9403-1d5b339ba451;A ex paquita Pituxa se auto mutilou para forçar prisão de seu companheiro, Elize Matsunaga cometeu o que quando ocorre com mulheres chamamos de feminicidio. Suzane Von Richthofen aproveitou-se da condição de pais serem pais porque acreditava que o dinheiro deles deveria ser seu. E centenas de outros casos onde mulheres mutilam com tesouras, facas os orgãos genitais de homens por suspeita de traição ou possessividade.;1;0;;a1f4c69f-7d0f-427f-96d8-6ae04102450a;Caso mariana ferrer deputadas apresentam projeto para tornar crime a violencia instituciona;https://g1.globo.com/politica/noticia/2020/11/04/caso-mariana-ferrer-deputadas-apresentam-projeto-para-tornar-crime-a-violencia-institucional.ghtml
90a4af02-0d1a-43fb-a4cc-35f938515947;Difícil saber se, de fato, ela foi estuprada por esse empresário. Agora, no julgamento, não há dúvidas de que ela foi "estuprada" coletivamente! Uma covardia absurda que fizeram com ela!!! Não é possível que aqueles que estavam alí não sofra punições!!!;4;0;;a1f4c69f-7d0f-427f-96d8-6ae04102450a;Caso mariana ferrer deputadas apresentam projeto para tornar crime a violencia instituciona;https://g1.globo.com/politica/noticia/2020/11/04/caso-mariana-ferrer-deputadas-apresentam-projeto-para-tornar-crime-a-violencia-institucional.ghtml
0235a6d1-92dd-4637-a68b-b373a494d7e1;Foi só nesse caso específico que o advogado de defesa tenta desconstruir a imagem da vítima, na tentativa de demonstrar que teria havido uma relação consensual...? Qual foi a novidade? Queriam que o advogado de defesa, vejam bem, DE DEFESA, corroborasse com as acusações da vítima? O cara está no papel dele, tentando confrontar a vítima na tentativa de demonstrar que ela estaria mentindo, que ela possa ser uma pessoa dissimulada, que a relação teria sido consensual, etc.Dito isso, tenho certeza que algumas pessoas, com interpretação limitada, vão achar que eu estou defendendo o acusado...;0;0;Difícil saber se, de fato, ela foi estuprada por esse empresário. Agora, no julgamento, não há dúvidas de que ela foi "estuprada" coletivamente! Uma covardia absurda que fizeram com ela!!! Não é possível que aqueles que estavam alí não sofra punições!!!;a1f4c69f-7d0f-427f-96d8-6ae04102450a;Caso mariana ferrer deputadas apresentam projeto para tornar crime a violencia instituciona;https://g1.globo.com/politica/noticia/2020/11/04/caso-mariana-ferrer-deputadas-apresentam-projeto-para-tornar-crime-a-violencia-institucional.ghtml
3dd202b1-0b08-4020-9021-cb561560eb0c;o argumento da vitima em questão ñ se sustenta mentiu que estava drogada disse que foi levada a força e os vídeos e o exame toxicológico prova o contrario ela deveria passar de vitima para réu pois com toda a certeza se jogassem esse rapas para os leões na cadeia a vida dele seria ceifada e por uma mentira tem que ter leis para punir vigaristas que visa o bem alheio se tivessem metido naja na cadeia deria dado um pequeno exemplo.;1;0;;a1f4c69f-7d0f-427f-96d8-6ae04102450a;Caso mariana ferrer deputadas apresentam projeto para tornar crime a violencia instituciona;https://g1.globo.com/politica/noticia/2020/11/04/caso-mariana-ferrer-deputadas-apresentam-projeto-para-tornar-crime-a-violencia-institucional.ghtml
b7c6baaf-c493-4d3d-8640-4edb3558a477;Ela só precisa falar a verdade...sou contra o tratamento que ela recebeu no advogado e da justiça mais ela não e a única infelizmente no judiciário o cidadão de bem passa por cada constrangimento só que com bandido a justiça abaixa a cabeça...;3;0;;a1f4c69f-7d0f-427f-96d8-6ae04102450a;Caso mariana ferrer deputadas apresentam projeto para tornar crime a violencia instituciona;https://g1.globo.com/politica/noticia/2020/11/04/caso-mariana-ferrer-deputadas-apresentam-projeto-para-tornar-crime-a-violencia-institucional.ghtml
e24129a9-df8e-48e4-8d14-964b04384c68;Boa noite! Ainda vai haver uma reviravolta neste caso. o culpado pelo o estrupo tem que ser punido. não a vitima. Aqui tem vários comentários de pessoas condenando a mulher. e  defendendo o estuprador???  gente nojenta. A justiça tem que prevalecer a favor dessa mulher que fui vitima de estrupo. ;1;0;;a1f4c69f-7d0f-427f-96d8-6ae04102450a;Caso mariana ferrer deputadas apresentam projeto para tornar crime a violencia instituciona;https://g1.globo.com/politica/noticia/2020/11/04/caso-mariana-ferrer-deputadas-apresentam-projeto-para-tornar-crime-a-violencia-institucional.ghtml
9820c0f7-b19c-45c1-a271-85aa411ae99c;Imaginem quantas pessoas esse cara já humilhou durante nas audiências que ele participou?;7;0;;a1f4c69f-7d0f-427f-96d8-6ae04102450a;Caso mariana ferrer deputadas apresentam projeto para tornar crime a violencia instituciona;https://g1.globo.com/politica/noticia/2020/11/04/caso-mariana-ferrer-deputadas-apresentam-projeto-para-tornar-crime-a-violencia-institucional.ghtml
1bbee63d-7fe2-4fad-bae5-39e90a87213c;Boa noite! Ainda vai haver uma reviravolta neste caso. o culpado pelo o estrupo tem que ser punido. não a vitima. Aqui tem vários comentários de pessoas condenando a mulher. e defendendo o estuprador???  gente nojenta. A justiça tem que prevalecer a favor dessa mulher, que fui vitima de estrupo. ;1;0;;a1f4c69f-7d0f-427f-96d8-6ae04102450a;Caso mariana ferrer deputadas apresentam projeto para tornar crime a violencia instituciona;https://g1.globo.com/politica/noticia/2020/11/04/caso-mariana-ferrer-deputadas-apresentam-projeto-para-tornar-crime-a-violencia-institucional.ghtml
505f7782-125e-4d40-bc51-642e32035049;A mulher passou de vítima à ré.Tudo isso porque o acusado é empresário e rico.;5;0;;a1f4c69f-7d0f-427f-96d8-6ae04102450a;Caso mariana ferrer deputadas apresentam projeto para tornar crime a violencia instituciona;https://g1.globo.com/politica/noticia/2020/11/04/caso-mariana-ferrer-deputadas-apresentam-projeto-para-tornar-crime-a-violencia-institucional.ghtml
b5a965c6-f34a-44f5-8d1c-b19b3cdc4c25;Não, ela fez uma falsa acusacao de estupro. as proprias provas que ela tentou apresentar foram contra ela. Porque esta do lado dela? ;1;0;A mulher passou de vítima à ré.Tudo isso porque o acusado é empresário e rico.;a1f4c69f-7d0f-427f-96d8-6ae04102450a;Caso mariana ferrer deputadas apresentam projeto para tornar crime a violencia instituciona;https://g1.globo.com/politica/noticia/2020/11/04/caso-mariana-ferrer-deputadas-apresentam-projeto-para-tornar-crime-a-violencia-institucional.ghtml
a94977fb-5fb1-48bb-a9fe-edc238670ce7;O PROBLEMA DO BRASIL,É QUE RICO NÃO PUNE RICO.;4;0;;a1f4c69f-7d0f-427f-96d8-6ae04102450a;Caso mariana ferrer deputadas apresentam projeto para tornar crime a violencia instituciona;https://g1.globo.com/politica/noticia/2020/11/04/caso-mariana-ferrer-deputadas-apresentam-projeto-para-tornar-crime-a-violencia-institucional.ghtml
a99eeff0-2874-4b73-8c25-8063d305df9e;Boa noite! Ainda vai haver uma reviravolta neste caso. o culpado pelo o estrupo tem que ser punido. não a vitima. Aqui tem vários comentários de pessoas condenando a mulher. e defendendo o estuprador???  gente nojenta. A justiça tem que prevalecer a favor dessa mulher, que fui vitima de estrupo. .;2;0;;a1f4c69f-7d0f-427f-96d8-6ae04102450a;Caso mariana ferrer deputadas apresentam projeto para tornar crime a violencia instituciona;https://g1.globo.com/politica/noticia/2020/11/04/caso-mariana-ferrer-deputadas-apresentam-projeto-para-tornar-crime-a-violencia-institucional.ghtml
68ce5776-de94-4ff3-a642-21637c1559df;Boa noite! Ainda vai haver uma reviravolta neste caso. o culpado pelo o estrupo tem que ser punido. não a vitima. Aqui tem vários comentários de pessoas condenando a mulher. e defendendo o estuprador???  gente nojenta. A justiça tem que prevalecer a favor dessa mulher, que fui vitima de estrupo. ,;6;0;;a1f4c69f-7d0f-427f-96d8-6ae04102450a;Caso mariana ferrer deputadas apresentam projeto para tornar crime a violencia instituciona;https://g1.globo.com/politica/noticia/2020/11/04/caso-mariana-ferrer-deputadas-apresentam-projeto-para-tornar-crime-a-violencia-institucional.ghtml
9b43337a-c656-4895-8e96-7d28d8702dab;No Brasil a justiça fica no lado de quem assina o cheque... Sempre foi assim. O cara é amiguinho da família marinho... Esperar o que? Acham que mandam no país. ;5;0;;a1f4c69f-7d0f-427f-96d8-6ae04102450a;Caso mariana ferrer deputadas apresentam projeto para tornar crime a violencia instituciona;https://g1.globo.com/politica/noticia/2020/11/04/caso-mariana-ferrer-deputadas-apresentam-projeto-para-tornar-crime-a-violencia-institucional.ghtml
0c767090-80ef-443b-aab1-d18612558bea;ESSES CARAS QUE PARTICIPARAM DESSA AUDIÊNCIA É MAIS CRUEL DO QUE O ACUSADO,QUE PROVÁVELMENTE ESTAVA SOB EFEITO DE ÁLCOOL NO MOMENTO DO CRIME. MAS O JUIZ,O PROMOTOR E O ADVOGADO ESTAVAM TODOS CIENTES DO QUE ESTAVAM FAZENDO.;2;0;;a1f4c69f-7d0f-427f-96d8-6ae04102450a;Caso mariana ferrer deputadas apresentam projeto para tornar crime a violencia instituciona;https://g1.globo.com/politica/noticia/2020/11/04/caso-mariana-ferrer-deputadas-apresentam-projeto-para-tornar-crime-a-violencia-institucional.ghtml
ea7325e0-cfe8-4612-bf42-1ef84b2c4089;(Especialmente para Sandi Antonio Tadeu...)Onde foi o caso???...*Santa Catarina - um Estado nazifascista, onde um ex-aliado do Bozo foi impugnado. e uma herdeira de apólogos do nazifascismo - e aliadíssima do Bozo - assumiu o governo.*Mais explicações???...Vamos simplificar: *SANTA CATARINA - UM ESTADO NAZIFASCISTA ELEITOR DO BOZO.*Pronto: explicado e desenhado.;3;0;;a1f4c69f-7d0f-427f-96d8-6ae04102450a;Caso mariana ferrer deputadas apresentam projeto para tornar crime a violencia instituciona;https://g1.globo.com/politica/noticia/2020/11/04/caso-mariana-ferrer-deputadas-apresentam-projeto-para-tornar-crime-a-violencia-institucional.ghtml
0da00223-e405-481e-ad00-3238cedfea23;Típico esquerdista;2;0;(Especialmente para Sandi Antonio Tadeu...)Onde foi o caso???...*Santa Catarina - um Estado nazifascista, onde um ex-aliado do Bozo foi impugnado. e uma herdeira de apólogos do nazifascismo - e aliadíssima do Bozo - assumiu o governo.*Mais explicações???...Vamos simplificar: *SANTA CATARINA - UM ESTADO NAZIFASCISTA ELEITOR DO BOZO.*Pronto: explicado e desenhado.;a1f4c69f-7d0f-427f-96d8-6ae04102450a;Caso mariana ferrer deputadas apresentam projeto para tornar crime a violencia instituciona;https://g1.globo.com/politica/noticia/2020/11/04/caso-mariana-ferrer-deputadas-apresentam-projeto-para-tornar-crime-a-violencia-institucional.ghtml
c60e9322-8db6-487f-98d6-2b3b0c7e3fa4;Racista. :...;2;0;(Especialmente para Sandi Antonio Tadeu...)Onde foi o caso???...*Santa Catarina - um Estado nazifascista, onde um ex-aliado do Bozo foi impugnado. e uma herdeira de apólogos do nazifascismo - e aliadíssima do Bozo - assumiu o governo.*Mais explicações???...Vamos simplificar: *SANTA CATARINA - UM ESTADO NAZIFASCISTA ELEITOR DO BOZO.*Pronto: explicado e desenhado.;a1f4c69f-7d0f-427f-96d8-6ae04102450a;Caso mariana ferrer deputadas apresentam projeto para tornar crime a violencia instituciona;https://g1.globo.com/politica/noticia/2020/11/04/caso-mariana-ferrer-deputadas-apresentam-projeto-para-tornar-crime-a-violencia-institucional.ghtml
13bd8706-4049-46a4-8995-b3e0a5eddfe4;Quer dizer que o quê do que esta escrevendo o que mesmo. Aqui tem PeTero que não sabe nem escrever e fica escrevendo asneiras e asneiras. Resposta para a cambada que escreveu acima.;0;0;(Especialmente para Sandi Antonio Tadeu...)Onde foi o caso???...*Santa Catarina - um Estado nazifascista, onde um ex-aliado do Bozo foi impugnado. e uma herdeira de apólogos do nazifascismo - e aliadíssima do Bozo - assumiu o governo.*Mais explicações???...Vamos simplificar: *SANTA CATARINA - UM ESTADO NAZIFASCISTA ELEITOR DO BOZO.*Pronto: explicado e desenhado.;a1f4c69f-7d0f-427f-96d8-6ae04102450a;Caso mariana ferrer deputadas apresentam projeto para tornar crime a violencia instituciona;https://g1.globo.com/politica/noticia/2020/11/04/caso-mariana-ferrer-deputadas-apresentam-projeto-para-tornar-crime-a-violencia-institucional.ghtml
04ab1dec-b2d9-4ad4-83e5-a689d3ec248e;ESTRUPO CULPOSO ! Primeira vez que ouço uma aberração destas ! Quando não há intenção do acusado de cometer  estrupo. ESSE CASO DEVERIA SER TODO REVISTO, por outra BANCA, outro JUIZ inclusive.;0;0;;a1f4c69f-7d0f-427f-96d8-6ae04102450a;Caso mariana ferrer deputadas apresentam projeto para tornar crime a violencia instituciona;https://g1.globo.com/politica/noticia/2020/11/04/caso-mariana-ferrer-deputadas-apresentam-projeto-para-tornar-crime-a-violencia-institucional.ghtml
477bcffc-b148-49ec-8886-7317bf6669a2;A Najila (do Neymar) também é um encanto de doçura e inocência!!!;0;0;ESTRUPO CULPOSO ! Primeira vez que ouço uma aberração destas ! Quando não há intenção do acusado de cometer  estrupo. ESSE CASO DEVERIA SER TODO REVISTO, por outra BANCA, outro JUIZ inclusive.;a1f4c69f-7d0f-427f-96d8-6ae04102450a;Caso mariana ferrer deputadas apresentam projeto para tornar crime a violencia instituciona;https://g1.globo.com/politica/noticia/2020/11/04/caso-mariana-ferrer-deputadas-apresentam-projeto-para-tornar-crime-a-violencia-institucional.ghtml
83dc07d6-3595-4b52-b8b7-92f01c29b182;Kkkk comprou a tese? Vai estudar!;0;0;ESTRUPO CULPOSO ! Primeira vez que ouço uma aberração destas ! Quando não há intenção do acusado de cometer  estrupo. ESSE CASO DEVERIA SER TODO REVISTO, por outra BANCA, outro JUIZ inclusive.;a1f4c69f-7d0f-427f-96d8-6ae04102450a;Caso mariana ferrer deputadas apresentam projeto para tornar crime a violencia instituciona;https://g1.globo.com/politica/noticia/2020/11/04/caso-mariana-ferrer-deputadas-apresentam-projeto-para-tornar-crime-a-violencia-institucional.ghtml
cf17c26d-65fa-414f-972b-337398e13ade;Quem falou essa aberração foi apenas a imprensa. Informe-se melhor.;0;0;ESTRUPO CULPOSO ! Primeira vez que ouço uma aberração destas ! Quando não há intenção do acusado de cometer  estrupo. ESSE CASO DEVERIA SER TODO REVISTO, por outra BANCA, outro JUIZ inclusive.;a1f4c69f-7d0f-427f-96d8-6ae04102450a;Caso mariana ferrer deputadas apresentam projeto para tornar crime a violencia instituciona;https://g1.globo.com/politica/noticia/2020/11/04/caso-mariana-ferrer-deputadas-apresentam-projeto-para-tornar-crime-a-violencia-institucional.ghtml
8c0ae907-952d-43f4-8e57-0affd2d7fc47;Porque não santificá-la? Afinal agora tudo que mulher fala é verdade. Tenho visto no meu trabalho muitas vigaristas destruindo a vida de namorados, amantes, maridos, etc, só por despeito por terem sido abandonadas. Sempre que posso oriento: gravem tudo, não falem com elas sem uma testemunha junto, não aceitem de volta. Estamos vivendo a ditadura das mulheres, dos... e dos... A tendência é só piorar. Só vale o politicamente correto. Bando de hipócritas. Respeitem as decisões judiciais, parem de demonizar quem pensa de maneira diversa. Parabéns à justiça!! ;8;0;;a1f4c69f-7d0f-427f-96d8-6ae04102450a;Caso mariana ferrer deputadas apresentam projeto para tornar crime a violencia instituciona;https://g1.globo.com/politica/noticia/2020/11/04/caso-mariana-ferrer-deputadas-apresentam-projeto-para-tornar-crime-a-violencia-institucional.ghtml
a3f00165-3d7e-4f62-9ccd-1fc8d1c97061;Melhor santificar os estupradores né? ;2;0;Porque não santificá-la? Afinal agora tudo que mulher fala é verdade. Tenho visto no meu trabalho muitas vigaristas destruindo a vida de namorados, amantes, maridos, etc, só por despeito por terem sido abandonadas. Sempre que posso oriento: gravem tudo, não falem com elas sem uma testemunha junto, não aceitem de volta. Estamos vivendo a ditadura das mulheres, dos... e dos... A tendência é só piorar. Só vale o politicamente correto. Bando de hipócritas. Respeitem as decisões judiciais, parem de demonizar quem pensa de maneira diversa. Parabéns à justiça!! ;a1f4c69f-7d0f-427f-96d8-6ae04102450a;Caso mariana ferrer deputadas apresentam projeto para tornar crime a violencia instituciona;https://g1.globo.com/politica/noticia/2020/11/04/caso-mariana-ferrer-deputadas-apresentam-projeto-para-tornar-crime-a-violencia-institucional.ghtml
eb1062ff-e99e-45d0-9cfc-d69fae18e546;Só lei mesmo senão teremos mais casos como este, pessoas bebem aí poderão sofrer violência ou serem mortas, afinal estavam bêbadas, quem manda beberem, quem manda estarem com pouca roupa, quem manda estarem usando droga.....É assim vai...;0;0;;a1f4c69f-7d0f-427f-96d8-6ae04102450a;Caso mariana ferrer deputadas apresentam projeto para tornar crime a violencia instituciona;https://g1.globo.com/politica/noticia/2020/11/04/caso-mariana-ferrer-deputadas-apresentam-projeto-para-tornar-crime-a-violencia-institucional.ghtml
ffbc0035-23d1-48c0-900f-f0cd41cbef00;Ela nao estava bebada e nem houve estupro. Não seja mal carater.;1;0;Só lei mesmo senão teremos mais casos como este, pessoas bebem aí poderão sofrer violência ou serem mortas, afinal estavam bêbadas, quem manda beberem, quem manda estarem com pouca roupa, quem manda estarem usando droga.....É assim vai...;a1f4c69f-7d0f-427f-96d8-6ae04102450a;Caso mariana ferrer deputadas apresentam projeto para tornar crime a violencia instituciona;https://g1.globo.com/politica/noticia/2020/11/04/caso-mariana-ferrer-deputadas-apresentam-projeto-para-tornar-crime-a-violencia-institucional.ghtml
877d223a-54e2-4ed8-9df1-69b7cc4c2062;A Najila (do Neymar) também é um encanto de doçura e inocência!;0;0;Só lei mesmo senão teremos mais casos como este, pessoas bebem aí poderão sofrer violência ou serem mortas, afinal estavam bêbadas, quem manda beberem, quem manda estarem com pouca roupa, quem manda estarem usando droga.....É assim vai...;a1f4c69f-7d0f-427f-96d8-6ae04102450a;Caso mariana ferrer deputadas apresentam projeto para tornar crime a violencia instituciona;https://g1.globo.com/politica/noticia/2020/11/04/caso-mariana-ferrer-deputadas-apresentam-projeto-para-tornar-crime-a-violencia-institucional.ghtml
eb0e21b7-6785-4a33-9033-3bde517a25e5;Claitson Dutra o fato não é só a sentença, a moça foi exposta ao machismo de quem está ali pra defender as instituições causa estranheza a passividade do promotor e do juiz, muito estranho quem conduziu o julgamento foi o advogado de defesa.;1;0;;a1f4c69f-7d0f-427f-96d8-6ae04102450a;Caso mariana ferrer deputadas apresentam projeto para tornar crime a violencia instituciona;https://g1.globo.com/politica/noticia/2020/11/04/caso-mariana-ferrer-deputadas-apresentam-projeto-para-tornar-crime-a-violencia-institucional.ghtml
55c7250d-62e2-4f97-90a0-ae98a1302e22;Só ta falando isso porque a mina é bonitinha né? Quando acontece isso com preto e pobre vc nao diz nada. Ele é uma falsa acusadora. Tentou enganar a justiça e condenar um inocente. Voce acha isso legal? ;1;0;Claitson Dutra o fato não é só a sentença, a moça foi exposta ao machismo de quem está ali pra defender as instituições causa estranheza a passividade do promotor e do juiz, muito estranho quem conduziu o julgamento foi o advogado de defesa.;a1f4c69f-7d0f-427f-96d8-6ae04102450a;Caso mariana ferrer deputadas apresentam projeto para tornar crime a violencia instituciona;https://g1.globo.com/politica/noticia/2020/11/04/caso-mariana-ferrer-deputadas-apresentam-projeto-para-tornar-crime-a-violencia-institucional.ghtml
5f4f5399-0f37-4b22-949a-3376372ddb2a;Acho que as perderam a noção quando se fala em dinheiro. O sul do país sempre quer ser melhor q os estados.  Ta aí a resposta quem é machista agora, o norte ou nordeste?. Vergonha tem . Fosse no Norte  ou nordeste esse empresário iria pro inferno. Ela é vítima dos da região q ser mais que outros estado. Brasil uma vergonha com essas decisões baseada em dinheiro. ;2;0;;a1f4c69f-7d0f-427f-96d8-6ae04102450a;Caso mariana ferrer deputadas apresentam projeto para tornar crime a violencia instituciona;https://g1.globo.com/politica/noticia/2020/11/04/caso-mariana-ferrer-deputadas-apresentam-projeto-para-tornar-crime-a-violencia-institucional.ghtml
6edfbdbf-49ec-4b73-a724-f974b4eb92bd;Ela não é vitima. É uma falsa acusadora. Vai ficar do lado da criminosa?;1;0;Acho que as perderam a noção quando se fala em dinheiro. O sul do país sempre quer ser melhor q os estados.  Ta aí a resposta quem é machista agora, o norte ou nordeste?. Vergonha tem . Fosse no Norte  ou nordeste esse empresário iria pro inferno. Ela é vítima dos da região q ser mais que outros estado. Brasil uma vergonha com essas decisões baseada em dinheiro. ;a1f4c69f-7d0f-427f-96d8-6ae04102450a;Caso mariana ferrer deputadas apresentam projeto para tornar crime a violencia instituciona;https://g1.globo.com/politica/noticia/2020/11/04/caso-mariana-ferrer-deputadas-apresentam-projeto-para-tornar-crime-a-violencia-institucional.ghtml
e245e189-da77-4bb5-99b5-f950d585f701;Boa noite! Ainda vai haver uma reviravolta neste caso. o culpado pelo o estrupo tem que ser punido. não a vitima. Aqui tem vários comentários de pessoas condenando a mulher. e defendendo o estuprador???  gente nojenta. A justiça tem que prevalecer a favor dessa mulher, que fui vitima de estrupo. ;8;0;;a1f4c69f-7d0f-427f-96d8-6ae04102450a;Caso mariana ferrer deputadas apresentam projeto para tornar crime a violencia instituciona;https://g1.globo.com/politica/noticia/2020/11/04/caso-mariana-ferrer-deputadas-apresentam-projeto-para-tornar-crime-a-violencia-institucional.ghtml
5734ad88-483c-4b67-a46f-bd7e7124ebe5;O cara foi inocentado porque não foi estupro e ela não é vitima. Você é um bandido por acusar pessoas inocentes. Calúnia é crime. Bandido.;2;0;Boa noite! Ainda vai haver uma reviravolta neste caso. o culpado pelo o estrupo tem que ser punido. não a vitima. Aqui tem vários comentários de pessoas condenando a mulher. e defendendo o estuprador???  gente nojenta. A justiça tem que prevalecer a favor dessa mulher, que fui vitima de estrupo. ;a1f4c69f-7d0f-427f-96d8-6ae04102450a;Caso mariana ferrer deputadas apresentam projeto para tornar crime a violencia instituciona;https://g1.globo.com/politica/noticia/2020/11/04/caso-mariana-ferrer-deputadas-apresentam-projeto-para-tornar-crime-a-violencia-institucional.ghtml
9ab49079-0553-480f-bc6e-ffa2ed35d575;Tem uns camaradas aqui defendendo um suposto estrupo porque será ? Que fique bem claro que importa o estilo de vida da mulher , que não importa se tudo estava ocorrendo de forma consensual , em qualquer estágio da relação sexual quando umas das partes não deseja mais o ato sexual e é forçada, caracteriza estrupo. Estrupo deixa vestígios que o exames não erra, vc pode fazer o sexo mais brutal que imaginar se não for consensual o exame detecta e todos sabem disso. Tô sentido um cheiro de muito carinha que já fez besteiras por aqui. ;7;0;;a1f4c69f-7d0f-427f-96d8-6ae04102450a;Caso mariana ferrer deputadas apresentam projeto para tornar crime a violencia instituciona;https://g1.globo.com/politica/noticia/2020/11/04/caso-mariana-ferrer-deputadas-apresentam-projeto-para-tornar-crime-a-violencia-institucional.ghtml
a19f7ed1-db55-4c29-984f-73528c54b171;"o exame detecta"... só se for exame de Nárnia;1;0;Tem uns camaradas aqui defendendo um suposto estrupo porque será ? Que fique bem claro que importa o estilo de vida da mulher , que não importa se tudo estava ocorrendo de forma consensual , em qualquer estágio da relação sexual quando umas das partes não deseja mais o ato sexual e é forçada, caracteriza estrupo. Estrupo deixa vestígios que o exames não erra, vc pode fazer o sexo mais brutal que imaginar se não for consensual o exame detecta e todos sabem disso. Tô sentido um cheiro de muito carinha que já fez besteiras por aqui. ;a1f4c69f-7d0f-427f-96d8-6ae04102450a;Caso mariana ferrer deputadas apresentam projeto para tornar crime a violencia instituciona;https://g1.globo.com/politica/noticia/2020/11/04/caso-mariana-ferrer-deputadas-apresentam-projeto-para-tornar-crime-a-violencia-institucional.ghtml
932000fd-e87e-44c2-a379-6d23bc122d95;Você é um bandido por caluniar Fabio. Ele é inocente e você que agora é o criminoso. Parabéns.;1;0;Tem uns camaradas aqui defendendo um suposto estrupo porque será ? Que fique bem claro que importa o estilo de vida da mulher , que não importa se tudo estava ocorrendo de forma consensual , em qualquer estágio da relação sexual quando umas das partes não deseja mais o ato sexual e é forçada, caracteriza estrupo. Estrupo deixa vestígios que o exames não erra, vc pode fazer o sexo mais brutal que imaginar se não for consensual o exame detecta e todos sabem disso. Tô sentido um cheiro de muito carinha que já fez besteiras por aqui. ;a1f4c69f-7d0f-427f-96d8-6ae04102450a;Caso mariana ferrer deputadas apresentam projeto para tornar crime a violencia instituciona;https://g1.globo.com/politica/noticia/2020/11/04/caso-mariana-ferrer-deputadas-apresentam-projeto-para-tornar-crime-a-violencia-institucional.ghtml
90a4af02-0d1a-43fb-a4cc-35f938515947;Difícil saber se, de fato, ela foi estuprada por esse empresário. Agora, no julgamento, não há dúvidas de que ela foi "estuprada" coletivamente! Uma covardia absurda que fizeram com ela!!! Não é possível que aqueles que estavam alí não sofra punições!!!;4;0;;a1f4c69f-7d0f-427f-96d8-6ae04102450a;Caso mariana ferrer deputadas apresentam projeto para tornar crime a violencia instituciona;https://g1.globo.com/politica/noticia/2020/11/04/caso-mariana-ferrer-deputadas-apresentam-projeto-para-tornar-crime-a-violencia-institucional.ghtml
0235a6d1-92dd-4637-a68b-b373a494d7e1;Foi só nesse caso específico que o advogado de defesa tenta desconstruir a imagem da vítima, na tentativa de demonstrar que teria havido uma relação consensual...? Qual foi a novidade? Queriam que o advogado de defesa, vejam bem, DE DEFESA, corroborasse com as acusações da vítima? O cara está no papel dele, tentando confrontar a vítima na tentativa de demonstrar que ela estaria mentindo, que ela possa ser uma pessoa dissimulada, que a relação teria sido consensual, etc.Dito isso, tenho certeza que algumas pessoas, com interpretação limitada, vão achar que eu estou defendendo o acusado...;0;0;Difícil saber se, de fato, ela foi estuprada por esse empresário. Agora, no julgamento, não há dúvidas de que ela foi "estuprada" coletivamente! Uma covardia absurda que fizeram com ela!!! Não é possível que aqueles que estavam alí não sofra punições!!!;a1f4c69f-7d0f-427f-96d8-6ae04102450a;Caso mariana ferrer deputadas apresentam projeto para tornar crime a violencia instituciona;https://g1.globo.com/politica/noticia/2020/11/04/caso-mariana-ferrer-deputadas-apresentam-projeto-para-tornar-crime-a-violencia-institucional.ghtml
07c9b67f-3d5c-41e8-9e84-39581b99bdbc;Olha, no caso de estupro é a palavra da vítima contra a do agressor. Nunca q o cara vai dizer q fez isso, mas o q me choca é um bando de cara defendendo ele! Concordo q existem sim mulher que fazem o uso incorreto , e exatamente essa má fé tira toda a credibilidade de uma vítima real. Eu acredito nela! Um mentiroso não se mantem na mentira. Eu me sinto um lixo quando leio esses tipos de comentário, eu voltando do trabalho e cara entra na minha casa, só não fez o pior pq meu pai estava lá!  Ninguém é santo, é n é de hj que os homem comente tal ato e saem impune, #justiçamarianaferrer;1;0;;a1f4c69f-7d0f-427f-96d8-6ae04102450a;Caso mariana ferrer deputadas apresentam projeto para tornar crime a violencia instituciona;https://g1.globo.com/politica/noticia/2020/11/04/caso-mariana-ferrer-deputadas-apresentam-projeto-para-tornar-crime-a-violencia-institucional.ghtml
49b3791e-8e45-42ce-94a9-e7e2ff8cc17d;Mais um que se informa pelo Whatsapp ;1;0;Olha, no caso de estupro é a palavra da vítima contra a do agressor. Nunca q o cara vai dizer q fez isso, mas o q me choca é um bando de cara defendendo ele! Concordo q existem sim mulher que fazem o uso incorreto , e exatamente essa má fé tira toda a credibilidade de uma vítima real. Eu acredito nela! Um mentiroso não se mantem na mentira. Eu me sinto um lixo quando leio esses tipos de comentário, eu voltando do trabalho e cara entra na minha casa, só não fez o pior pq meu pai estava lá!  Ninguém é santo, é n é de hj que os homem comente tal ato e saem impune, #justiçamarianaferrer;a1f4c69f-7d0f-427f-96d8-6ae04102450a;Caso mariana ferrer deputadas apresentam projeto para tornar crime a violencia instituciona;https://g1.globo.com/politica/noticia/2020/11/04/caso-mariana-ferrer-deputadas-apresentam-projeto-para-tornar-crime-a-violencia-institucional.ghtml
bb39083b-99b6-4e28-a7bd-3a36d59b1a09;Sou pai , filho e esposo e espero q esse cidadão pague , aliaz ja esta pagando , tudo que aqui se faz aqui se paga pode ter pago  advogado, juiz , mais as consequencias estão ai , todos compartilhando o rostinho dele para as pessoas saberem quem é , passe o tempo que for sempre alguem vai lembrar desse estuprador . E que pague pelo que fez..;0;0;;a1f4c69f-7d0f-427f-96d8-6ae04102450a;Caso mariana ferrer deputadas apresentam projeto para tornar crime a violencia instituciona;https://g1.globo.com/politica/noticia/2020/11/04/caso-mariana-ferrer-deputadas-apresentam-projeto-para-tornar-crime-a-violencia-institucional.ghtml
88055ec3-a11a-4f7d-a4d4-1878bfa17481;Ele foi julgado inocente? Alias o Mp pediu a sua inocência! Criminalizar a advocacia é igual a seguro. Quando precisa é bom ter...;0;0;Sou pai , filho e esposo e espero q esse cidadão pague , aliaz ja esta pagando , tudo que aqui se faz aqui se paga pode ter pago  advogado, juiz , mais as consequencias estão ai , todos compartilhando o rostinho dele para as pessoas saberem quem é , passe o tempo que for sempre alguem vai lembrar desse estuprador . E que pague pelo que fez..;a1f4c69f-7d0f-427f-96d8-6ae04102450a;Caso mariana ferrer deputadas apresentam projeto para tornar crime a violencia instituciona;https://g1.globo.com/politica/noticia/2020/11/04/caso-mariana-ferrer-deputadas-apresentam-projeto-para-tornar-crime-a-violencia-institucional.ghtml
ce24c38d-35d9-467e-838c-96ff714a8d6d;Tenho Mae, irmã,esposa e filha . Motivo suficiente para defender as mulheres, mas nesse caso e impossível, o bonitona ai foi por que quis, fez o que quiz, nao foi forçada a nada .A verdade e que no dia seguinte as coisas não aconteceram como ela esperava, se arrependeu do que fez. Que sirva de exemplo. A vida e feita de escolhar é consequência. ;1;0;;a1f4c69f-7d0f-427f-96d8-6ae04102450a;Caso mariana ferrer deputadas apresentam projeto para tornar crime a violencia instituciona;https://g1.globo.com/politica/noticia/2020/11/04/caso-mariana-ferrer-deputadas-apresentam-projeto-para-tornar-crime-a-violencia-institucional.ghtml
763c97c8-fb05-4ce7-8c5f-4b1997ada42e;Valadares, Valadares eu vim de Governador Valadares.;0;0;Tenho Mae, irmã,esposa e filha . Motivo suficiente para defender as mulheres, mas nesse caso e impossível, o bonitona ai foi por que quis, fez o que quiz, nao foi forçada a nada .A verdade e que no dia seguinte as coisas não aconteceram como ela esperava, se arrependeu do que fez. Que sirva de exemplo. A vida e feita de escolhar é consequência. ;a1f4c69f-7d0f-427f-96d8-6ae04102450a;Caso mariana ferrer deputadas apresentam projeto para tornar crime a violencia instituciona;https://g1.globo.com/politica/noticia/2020/11/04/caso-mariana-ferrer-deputadas-apresentam-projeto-para-tornar-crime-a-violencia-institucional.ghtml
2f92a59c-80f6-432d-988f-765ab9348961;Bem, só sei que o “empresário” deve ter pago uma pequena fortuna para não pagar de mulherzinha na cadeia, simples assim. ;3;0;;a1f4c69f-7d0f-427f-96d8-6ae04102450a;Caso mariana ferrer deputadas apresentam projeto para tornar crime a violencia instituciona;https://g1.globo.com/politica/noticia/2020/11/04/caso-mariana-ferrer-deputadas-apresentam-projeto-para-tornar-crime-a-violencia-institucional.ghtml
087586a6-a4bd-4ac8-a3a7-5cc6b3066ba1;Com que provas voce diz isso? O cara sofreu uma falsa acusacao de estupro e voce fica do lado da criminosa? Voce é louco. ;4;0;Bem, só sei que o “empresário” deve ter pago uma pequena fortuna para não pagar de mulherzinha na cadeia, simples assim. ;a1f4c69f-7d0f-427f-96d8-6ae04102450a;Caso mariana ferrer deputadas apresentam projeto para tornar crime a violencia instituciona;https://g1.globo.com/politica/noticia/2020/11/04/caso-mariana-ferrer-deputadas-apresentam-projeto-para-tornar-crime-a-violencia-institucional.ghtml
6f22e08c-8713-4632-8df2-9fdc3448f526;Nada de álcool e nada de toxicológico. Amigas contam que ela estava totalmente sóbria. Outro caso Neymar para ganhar repercussão e, é claro, seguidores no insta. Caso tão real quanto a tal sentença de estupro culposo que nunca existiu. Lacrosfera e perfil do insta agradecem.;5;0;;a1f4c69f-7d0f-427f-96d8-6ae04102450a;Caso mariana ferrer deputadas apresentam projeto para tornar crime a violencia instituciona;https://g1.globo.com/politica/noticia/2020/11/04/caso-mariana-ferrer-deputadas-apresentam-projeto-para-tornar-crime-a-violencia-institucional.ghtml
4da08d2b-aae5-4a72-a56e-317a9882c94a;Pois é. As interesseras apoiando a criminosa e os caras pensando com o pinto;1;0;Nada de álcool e nada de toxicológico. Amigas contam que ela estava totalmente sóbria. Outro caso Neymar para ganhar repercussão e, é claro, seguidores no insta. Caso tão real quanto a tal sentença de estupro culposo que nunca existiu. Lacrosfera e perfil do insta agradecem.;a1f4c69f-7d0f-427f-96d8-6ae04102450a;Caso mariana ferrer deputadas apresentam projeto para tornar crime a violencia instituciona;https://g1.globo.com/politica/noticia/2020/11/04/caso-mariana-ferrer-deputadas-apresentam-projeto-para-tornar-crime-a-violencia-institucional.ghtml
40e7f42e-f5ac-49f1-bdae-e267db0650da;O advogado de defesa tenta induzir o juiz de que a vítima é uma pessoa 
dissimulada ou manipuladora,  na tentativa de convencer que a relação 
tenha sido consensual. Qual a novidade nesse comportamento? Isso acontece nos tribunais do mundo inteiro, principalmente quando é a palavra de um contra a palavra do outro.O que achei estranho foi o comportamento do promotor, embora a reportagem seja muito rasa em relação ao conteúdo das provas apresentadas.;0;0;;a1f4c69f-7d0f-427f-96d8-6ae04102450a;Caso mariana ferrer deputadas apresentam projeto para tornar crime a violencia instituciona;https://g1.globo.com/politica/noticia/2020/11/04/caso-mariana-ferrer-deputadas-apresentam-projeto-para-tornar-crime-a-violencia-institucional.ghtml
d816b12d-87d5-493f-b212-4b27e249cf8b;Mais um carente querendo migalhas de bœceta. ;1;0;O advogado de defesa tenta induzir o juiz de que a vítima é uma pessoa 
dissimulada ou manipuladora,  na tentativa de convencer que a relação 
tenha sido consensual. Qual a novidade nesse comportamento? Isso acontece nos tribunais do mundo inteiro, principalmente quando é a palavra de um contra a palavra do outro.O que achei estranho foi o comportamento do promotor, embora a reportagem seja muito rasa em relação ao conteúdo das provas apresentadas.;a1f4c69f-7d0f-427f-96d8-6ae04102450a;Caso mariana ferrer deputadas apresentam projeto para tornar crime a violencia instituciona;https://g1.globo.com/politica/noticia/2020/11/04/caso-mariana-ferrer-deputadas-apresentam-projeto-para-tornar-crime-a-violencia-institucional.ghtml
8af63106-23f4-4102-a721-9d6b6bb5781a;Tem uma minissérie na Netflix que retrata muito bem essa violência institucional ao qual as parlamentares se referem. Chama-se inacreditável. Quem quiser assistir é muito bom.;1;0;;a1f4c69f-7d0f-427f-96d8-6ae04102450a;Caso mariana ferrer deputadas apresentam projeto para tornar crime a violencia instituciona;https://g1.globo.com/politica/noticia/2020/11/04/caso-mariana-ferrer-deputadas-apresentam-projeto-para-tornar-crime-a-violencia-institucional.ghtml
1081af1b-029f-4903-886a-156072118a80;Deveria ter uma minisérie com as falsas acusadoras e a vidas destruidas dos homens inocentes...;1;0;Tem uma minissérie na Netflix que retrata muito bem essa violência institucional ao qual as parlamentares se referem. Chama-se inacreditável. Quem quiser assistir é muito bom.;a1f4c69f-7d0f-427f-96d8-6ae04102450a;Caso mariana ferrer deputadas apresentam projeto para tornar crime a violencia instituciona;https://g1.globo.com/politica/noticia/2020/11/04/caso-mariana-ferrer-deputadas-apresentam-projeto-para-tornar-crime-a-violencia-institucional.ghtml
b92e6507-be42-4bd7-bfda-9b1dbe288f89;Estudei estudei estudei... nunca entendi , para que servem os adEvogados ? ;2;0;;a1f4c69f-7d0f-427f-96d8-6ae04102450a;Caso mariana ferrer deputadas apresentam projeto para tornar crime a violencia instituciona;https://g1.globo.com/politica/noticia/2020/11/04/caso-mariana-ferrer-deputadas-apresentam-projeto-para-tornar-crime-a-violencia-institucional.ghtml
57217c0c-060e-40a5-a8e6-0970ee726283;Criaram um tribunal inquisidor e ainda reviveram um deboche com a vítima. Que gente imunda.;4;0;;a1f4c69f-7d0f-427f-96d8-6ae04102450a;Caso mariana ferrer deputadas apresentam projeto para tornar crime a violencia instituciona;https://g1.globo.com/politica/noticia/2020/11/04/caso-mariana-ferrer-deputadas-apresentam-projeto-para-tornar-crime-a-violencia-institucional.ghtml
741a037a-49d3-4105-b7d4-dc02b346f93a;A vitima no caso foi o acusado falsamente de estupro né? ;2;0;Criaram um tribunal inquisidor e ainda reviveram um deboche com a vítima. Que gente imunda.;a1f4c69f-7d0f-427f-96d8-6ae04102450a;Caso mariana ferrer deputadas apresentam projeto para tornar crime a violencia instituciona;https://g1.globo.com/politica/noticia/2020/11/04/caso-mariana-ferrer-deputadas-apresentam-projeto-para-tornar-crime-a-violencia-institucional.ghtml
c59bf5dd-7657-45f8-a6a6-fa4bcfb36fed;Onde foi o caso???...Santa Catarina - um Estado nazifascista, onde um ex-aliado do Bozo foi impugnado. e uma herdeira de apólogos do nazifascismo - e aliadíssima do Bozo - assumiu o governo.Mais explicações???...Vamos simplificar:SANTA CATARINA - UM ESTADO NAZIFASCISTA ELEITOR DO BOZO.Pronto: explicado e desenhado.;5;0;;a1f4c69f-7d0f-427f-96d8-6ae04102450a;Caso mariana ferrer deputadas apresentam projeto para tornar crime a violencia instituciona;https://g1.globo.com/politica/noticia/2020/11/04/caso-mariana-ferrer-deputadas-apresentam-projeto-para-tornar-crime-a-violencia-institucional.ghtml
61cd4581-63c9-420a-a738-7d02106fa9ef;Quanto será que custou está sentença, um vergonha.;6;0;;a1f4c69f-7d0f-427f-96d8-6ae04102450a;Caso mariana ferrer deputadas apresentam projeto para tornar crime a violencia instituciona;https://g1.globo.com/politica/noticia/2020/11/04/caso-mariana-ferrer-deputadas-apresentam-projeto-para-tornar-crime-a-violencia-institucional.ghtml
41381c57-832e-47ad-b834-0c5275e69885;Pessoas inocentes não são acusadas? Se voce tem tanta certeza da culpa e tem provas, porque não vai à polícia ajudar a moça? Mais um criminoso caluniador..;2;0;Quanto será que custou está sentença, um vergonha.;a1f4c69f-7d0f-427f-96d8-6ae04102450a;Caso mariana ferrer deputadas apresentam projeto para tornar crime a violencia instituciona;https://g1.globo.com/politica/noticia/2020/11/04/caso-mariana-ferrer-deputadas-apresentam-projeto-para-tornar-crime-a-violencia-institucional.ghtml
d325380e-4b5c-457c-812f-0c9fa15839ac;Essa situação veio a público. A sociedade não sabe como funciona o judiciário. Criar crime institucional é asneira e das grandes. O Congresso deve, em caráter de urgência, inserir na legislação processual a obrigação do Judiciário FILMAR e CAPTAR áudio de todas as audiência, entregando cópia às partes, dando-lhes também o direito de gravar o ato na íntegra, mesmo que o feito tramite em sigilo. O mesmo deve ser adotado para todos os órgãos de segurança pública, especialmente na captura e nos interrogatórios e depoimentos, além da obrigatoriedade da presença de um advogado na delegacia.;8;0;;a1f4c69f-7d0f-427f-96d8-6ae04102450a;Caso mariana ferrer deputadas apresentam projeto para tornar crime a violencia instituciona;https://g1.globo.com/politica/noticia/2020/11/04/caso-mariana-ferrer-deputadas-apresentam-projeto-para-tornar-crime-a-violencia-institucional.ghtml
e245e189-da77-4bb5-99b5-f950d585f701;Boa noite! Ainda vai haver uma reviravolta neste caso. o culpado pelo o estrupo tem que ser punido. não a vitima. Aqui tem vários comentários de pessoas condenando a mulher. e defendendo o estuprador???  gente nojenta. A justiça tem que prevalecer a favor dessa mulher, que fui vitima de estrupo. ;8;0;;a1f4c69f-7d0f-427f-96d8-6ae04102450a;Caso mariana ferrer deputadas apresentam projeto para tornar crime a violencia instituciona;https://g1.globo.com/politica/noticia/2020/11/04/caso-mariana-ferrer-deputadas-apresentam-projeto-para-tornar-crime-a-violencia-institucional.ghtml
5734ad88-483c-4b67-a46f-bd7e7124ebe5;O cara foi inocentado porque não foi estupro e ela não é vitima. Você é um bandido por acusar pessoas inocentes. Calúnia é crime. Bandido.;2;0;Boa noite! Ainda vai haver uma reviravolta neste caso. o culpado pelo o estrupo tem que ser punido. não a vitima. Aqui tem vários comentários de pessoas condenando a mulher. e defendendo o estuprador???  gente nojenta. A justiça tem que prevalecer a favor dessa mulher, que fui vitima de estrupo. ;a1f4c69f-7d0f-427f-96d8-6ae04102450a;Caso mariana ferrer deputadas apresentam projeto para tornar crime a violencia instituciona;https://g1.globo.com/politica/noticia/2020/11/04/caso-mariana-ferrer-deputadas-apresentam-projeto-para-tornar-crime-a-violencia-institucional.ghtml
8c0ae907-952d-43f4-8e57-0affd2d7fc47;Porque não santificá-la? Afinal agora tudo que mulher fala é verdade. Tenho visto no meu trabalho muitas vigaristas destruindo a vida de namorados, amantes, maridos, etc, só por despeito por terem sido abandonadas. Sempre que posso oriento: gravem tudo, não falem com elas sem uma testemunha junto, não aceitem de volta. Estamos vivendo a ditadura das mulheres, dos... e dos... A tendência é só piorar. Só vale o politicamente correto. Bando de hipócritas. Respeitem as decisões judiciais, parem de demonizar quem pensa de maneira diversa. Parabéns à justiça!! ;8;0;;a1f4c69f-7d0f-427f-96d8-6ae04102450a;Caso mariana ferrer deputadas apresentam projeto para tornar crime a violencia instituciona;https://g1.globo.com/politica/noticia/2020/11/04/caso-mariana-ferrer-deputadas-apresentam-projeto-para-tornar-crime-a-violencia-institucional.ghtml
a3f00165-3d7e-4f62-9ccd-1fc8d1c97061;Melhor santificar os estupradores né? ;2;0;Porque não santificá-la? Afinal agora tudo que mulher fala é verdade. Tenho visto no meu trabalho muitas vigaristas destruindo a vida de namorados, amantes, maridos, etc, só por despeito por terem sido abandonadas. Sempre que posso oriento: gravem tudo, não falem com elas sem uma testemunha junto, não aceitem de volta. Estamos vivendo a ditadura das mulheres, dos... e dos... A tendência é só piorar. Só vale o politicamente correto. Bando de hipócritas. Respeitem as decisões judiciais, parem de demonizar quem pensa de maneira diversa. Parabéns à justiça!! ;a1f4c69f-7d0f-427f-96d8-6ae04102450a;Caso mariana ferrer deputadas apresentam projeto para tornar crime a violencia instituciona;https://g1.globo.com/politica/noticia/2020/11/04/caso-mariana-ferrer-deputadas-apresentam-projeto-para-tornar-crime-a-violencia-institucional.ghtml
9ab49079-0553-480f-bc6e-ffa2ed35d575;Tem uns camaradas aqui defendendo um suposto estrupo porque será ? Que fique bem claro que importa o estilo de vida da mulher , que não importa se tudo estava ocorrendo de forma consensual , em qualquer estágio da relação sexual quando umas das partes não deseja mais o ato sexual e é forçada, caracteriza estrupo. Estrupo deixa vestígios que o exames não erra, vc pode fazer o sexo mais brutal que imaginar se não for consensual o exame detecta e todos sabem disso. Tô sentido um cheiro de muito carinha que já fez besteiras por aqui. ;7;0;;a1f4c69f-7d0f-427f-96d8-6ae04102450a;Caso mariana ferrer deputadas apresentam projeto para tornar crime a violencia instituciona;https://g1.globo.com/politica/noticia/2020/11/04/caso-mariana-ferrer-deputadas-apresentam-projeto-para-tornar-crime-a-violencia-institucional.ghtml
a19f7ed1-db55-4c29-984f-73528c54b171;"o exame detecta"... só se for exame de Nárnia;1;0;Tem uns camaradas aqui defendendo um suposto estrupo porque será ? Que fique bem claro que importa o estilo de vida da mulher , que não importa se tudo estava ocorrendo de forma consensual , em qualquer estágio da relação sexual quando umas das partes não deseja mais o ato sexual e é forçada, caracteriza estrupo. Estrupo deixa vestígios que o exames não erra, vc pode fazer o sexo mais brutal que imaginar se não for consensual o exame detecta e todos sabem disso. Tô sentido um cheiro de muito carinha que já fez besteiras por aqui. ;a1f4c69f-7d0f-427f-96d8-6ae04102450a;Caso mariana ferrer deputadas apresentam projeto para tornar crime a violencia instituciona;https://g1.globo.com/politica/noticia/2020/11/04/caso-mariana-ferrer-deputadas-apresentam-projeto-para-tornar-crime-a-violencia-institucional.ghtml
932000fd-e87e-44c2-a379-6d23bc122d95;Você é um bandido por caluniar Fabio. Ele é inocente e você que agora é o criminoso. Parabéns.;1;0;Tem uns camaradas aqui defendendo um suposto estrupo porque será ? Que fique bem claro que importa o estilo de vida da mulher , que não importa se tudo estava ocorrendo de forma consensual , em qualquer estágio da relação sexual quando umas das partes não deseja mais o ato sexual e é forçada, caracteriza estrupo. Estrupo deixa vestígios que o exames não erra, vc pode fazer o sexo mais brutal que imaginar se não for consensual o exame detecta e todos sabem disso. Tô sentido um cheiro de muito carinha que já fez besteiras por aqui. ;a1f4c69f-7d0f-427f-96d8-6ae04102450a;Caso mariana ferrer deputadas apresentam projeto para tornar crime a violencia instituciona;https://g1.globo.com/politica/noticia/2020/11/04/caso-mariana-ferrer-deputadas-apresentam-projeto-para-tornar-crime-a-violencia-institucional.ghtml
9820c0f7-b19c-45c1-a271-85aa411ae99c;Imaginem quantas pessoas esse cara já humilhou durante nas audiências que ele participou?;7;0;;a1f4c69f-7d0f-427f-96d8-6ae04102450a;Caso mariana ferrer deputadas apresentam projeto para tornar crime a violencia instituciona;https://g1.globo.com/politica/noticia/2020/11/04/caso-mariana-ferrer-deputadas-apresentam-projeto-para-tornar-crime-a-violencia-institucional.ghtml
61cd4581-63c9-420a-a738-7d02106fa9ef;Quanto será que custou está sentença, um vergonha.;6;0;;a1f4c69f-7d0f-427f-96d8-6ae04102450a;Caso mariana ferrer deputadas apresentam projeto para tornar crime a violencia instituciona;https://g1.globo.com/politica/noticia/2020/11/04/caso-mariana-ferrer-deputadas-apresentam-projeto-para-tornar-crime-a-violencia-institucional.ghtml
41381c57-832e-47ad-b834-0c5275e69885;Pessoas inocentes não são acusadas? Se voce tem tanta certeza da culpa e tem provas, porque não vai à polícia ajudar a moça? Mais um criminoso caluniador..;2;0;Quanto será que custou está sentença, um vergonha.;a1f4c69f-7d0f-427f-96d8-6ae04102450a;Caso mariana ferrer deputadas apresentam projeto para tornar crime a violencia instituciona;https://g1.globo.com/politica/noticia/2020/11/04/caso-mariana-ferrer-deputadas-apresentam-projeto-para-tornar-crime-a-violencia-institucional.ghtml
68ce5776-de94-4ff3-a642-21637c1559df;Boa noite! Ainda vai haver uma reviravolta neste caso. o culpado pelo o estrupo tem que ser punido. não a vitima. Aqui tem vários comentários de pessoas condenando a mulher. e defendendo o estuprador???  gente nojenta. A justiça tem que prevalecer a favor dessa mulher, que fui vitima de estrupo. ,;6;0;;a1f4c69f-7d0f-427f-96d8-6ae04102450a;Caso mariana ferrer deputadas apresentam projeto para tornar crime a violencia instituciona;https://g1.globo.com/politica/noticia/2020/11/04/caso-mariana-ferrer-deputadas-apresentam-projeto-para-tornar-crime-a-violencia-institucional.ghtml
6f22e08c-8713-4632-8df2-9fdc3448f526;Nada de álcool e nada de toxicológico. Amigas contam que ela estava totalmente sóbria. Outro caso Neymar para ganhar repercussão e, é claro, seguidores no insta. Caso tão real quanto a tal sentença de estupro culposo que nunca existiu. Lacrosfera e perfil do insta agradecem.;5;0;;a1f4c69f-7d0f-427f-96d8-6ae04102450a;Caso mariana ferrer deputadas apresentam projeto para tornar crime a violencia instituciona;https://g1.globo.com/politica/noticia/2020/11/04/caso-mariana-ferrer-deputadas-apresentam-projeto-para-tornar-crime-a-violencia-institucional.ghtml
4da08d2b-aae5-4a72-a56e-317a9882c94a;Pois é. As interesseras apoiando a criminosa e os caras pensando com o pinto;1;0;Nada de álcool e nada de toxicológico. Amigas contam que ela estava totalmente sóbria. Outro caso Neymar para ganhar repercussão e, é claro, seguidores no insta. Caso tão real quanto a tal sentença de estupro culposo que nunca existiu. Lacrosfera e perfil do insta agradecem.;a1f4c69f-7d0f-427f-96d8-6ae04102450a;Caso mariana ferrer deputadas apresentam projeto para tornar crime a violencia instituciona;https://g1.globo.com/politica/noticia/2020/11/04/caso-mariana-ferrer-deputadas-apresentam-projeto-para-tornar-crime-a-violencia-institucional.ghtml
c59bf5dd-7657-45f8-a6a6-fa4bcfb36fed;Onde foi o caso???...Santa Catarina - um Estado nazifascista, onde um ex-aliado do Bozo foi impugnado. e uma herdeira de apólogos do nazifascismo - e aliadíssima do Bozo - assumiu o governo.Mais explicações???...Vamos simplificar:SANTA CATARINA - UM ESTADO NAZIFASCISTA ELEITOR DO BOZO.Pronto: explicado e desenhado.;5;0;;a1f4c69f-7d0f-427f-96d8-6ae04102450a;Caso mariana ferrer deputadas apresentam projeto para tornar crime a violencia instituciona;https://g1.globo.com/politica/noticia/2020/11/04/caso-mariana-ferrer-deputadas-apresentam-projeto-para-tornar-crime-a-violencia-institucional.ghtml
763dc2eb-8227-47fb-b741-c2b325b4fe08;Não pode causar "revitimização", forçar a pessoa a "reviver a lembrança do trauma ou violência sofrido". Então, como que vai tomar o testemunho da pessoa no processo, hein? Que ideia JEGUIAL! Fico me perguntando se essas fem1naz1 tem "sélebru".;5;0;;a1f4c69f-7d0f-427f-96d8-6ae04102450a;Caso mariana ferrer deputadas apresentam projeto para tornar crime a violencia instituciona;https://g1.globo.com/politica/noticia/2020/11/04/caso-mariana-ferrer-deputadas-apresentam-projeto-para-tornar-crime-a-violencia-institucional.ghtml
ec419e8c-a4f3-4d72-af96-3199c7096e1c;Cúmulo do absurdo gente neste espaço defendendo o estuprador. ;5;0;;a1f4c69f-7d0f-427f-96d8-6ae04102450a;Caso mariana ferrer deputadas apresentam projeto para tornar crime a violencia instituciona;https://g1.globo.com/politica/noticia/2020/11/04/caso-mariana-ferrer-deputadas-apresentam-projeto-para-tornar-crime-a-violencia-institucional.ghtml
675741e9-6927-4981-bdcc-ee60e3eb7330;Ele é o estuprador? Voce prova? Cade seuas provas? Pq nao vai ajudar a policia e a justica então? Bandido.;2;0;Cúmulo do absurdo gente neste espaço defendendo o estuprador. ;a1f4c69f-7d0f-427f-96d8-6ae04102450a;Caso mariana ferrer deputadas apresentam projeto para tornar crime a violencia instituciona;https://g1.globo.com/politica/noticia/2020/11/04/caso-mariana-ferrer-deputadas-apresentam-projeto-para-tornar-crime-a-violencia-institucional.ghtml
9b43337a-c656-4895-8e96-7d28d8702dab;No Brasil a justiça fica no lado de quem assina o cheque... Sempre foi assim. O cara é amiguinho da família marinho... Esperar o que? Acham que mandam no país. ;5;0;;a1f4c69f-7d0f-427f-96d8-6ae04102450a;Caso mariana ferrer deputadas apresentam projeto para tornar crime a violencia instituciona;https://g1.globo.com/politica/noticia/2020/11/04/caso-mariana-ferrer-deputadas-apresentam-projeto-para-tornar-crime-a-violencia-institucional.ghtml
505f7782-125e-4d40-bc51-642e32035049;A mulher passou de vítima à ré.Tudo isso porque o acusado é empresário e rico.;5;0;;a1f4c69f-7d0f-427f-96d8-6ae04102450a;Caso mariana ferrer deputadas apresentam projeto para tornar crime a violencia instituciona;https://g1.globo.com/politica/noticia/2020/11/04/caso-mariana-ferrer-deputadas-apresentam-projeto-para-tornar-crime-a-violencia-institucional.ghtml
b5a965c6-f34a-44f5-8d1c-b19b3cdc4c25;Não, ela fez uma falsa acusacao de estupro. as proprias provas que ela tentou apresentar foram contra ela. Porque esta do lado dela? ;1;0;A mulher passou de vítima à ré.Tudo isso porque o acusado é empresário e rico.;a1f4c69f-7d0f-427f-96d8-6ae04102450a;Caso mariana ferrer deputadas apresentam projeto para tornar crime a violencia instituciona;https://g1.globo.com/politica/noticia/2020/11/04/caso-mariana-ferrer-deputadas-apresentam-projeto-para-tornar-crime-a-violencia-institucional.ghtml
57217c0c-060e-40a5-a8e6-0970ee726283;Criaram um tribunal inquisidor e ainda reviveram um deboche com a vítima. Que gente imunda.;4;0;;a1f4c69f-7d0f-427f-96d8-6ae04102450a;Caso mariana ferrer deputadas apresentam projeto para tornar crime a violencia instituciona;https://g1.globo.com/politica/noticia/2020/11/04/caso-mariana-ferrer-deputadas-apresentam-projeto-para-tornar-crime-a-violencia-institucional.ghtml
741a037a-49d3-4105-b7d4-dc02b346f93a;A vitima no caso foi o acusado falsamente de estupro né? ;2;0;Criaram um tribunal inquisidor e ainda reviveram um deboche com a vítima. Que gente imunda.;a1f4c69f-7d0f-427f-96d8-6ae04102450a;Caso mariana ferrer deputadas apresentam projeto para tornar crime a violencia instituciona;https://g1.globo.com/politica/noticia/2020/11/04/caso-mariana-ferrer-deputadas-apresentam-projeto-para-tornar-crime-a-violencia-institucional.ghtml
cffd1411-233f-4783-9cfd-91d0135c2ab9;Boa noite! Ainda vai haver uma reviravolta neste caso. o culpado pelo o estrupo tem que ser punido. não a vitima. Aqui tem vários comentários de pessoas condenando a mulher. e defendendo o estuprador???  gente nojenta. A justiça tem que prevalecer a favor dessa mulher, que fui vitima de estrupo. .. .. ...;4;0;;a1f4c69f-7d0f-427f-96d8-6ae04102450a;Caso mariana ferrer deputadas apresentam projeto para tornar crime a violencia instituciona;https://g1.globo.com/politica/noticia/2020/11/04/caso-mariana-ferrer-deputadas-apresentam-projeto-para-tornar-crime-a-violencia-institucional.ghtml
a94977fb-5fb1-48bb-a9fe-edc238670ce7;O PROBLEMA DO BRASIL,É QUE RICO NÃO PUNE RICO.;4;0;;a1f4c69f-7d0f-427f-96d8-6ae04102450a;Caso mariana ferrer deputadas apresentam projeto para tornar crime a violencia instituciona;https://g1.globo.com/politica/noticia/2020/11/04/caso-mariana-ferrer-deputadas-apresentam-projeto-para-tornar-crime-a-violencia-institucional.ghtml
90a4af02-0d1a-43fb-a4cc-35f938515947;Difícil saber se, de fato, ela foi estuprada por esse empresário. Agora, no julgamento, não há dúvidas de que ela foi "estuprada" coletivamente! Uma covardia absurda que fizeram com ela!!! Não é possível que aqueles que estavam alí não sofra punições!!!;4;0;;a1f4c69f-7d0f-427f-96d8-6ae04102450a;Caso mariana ferrer deputadas apresentam projeto para tornar crime a violencia instituciona;https://g1.globo.com/politica/noticia/2020/11/04/caso-mariana-ferrer-deputadas-apresentam-projeto-para-tornar-crime-a-violencia-institucional.ghtml
0235a6d1-92dd-4637-a68b-b373a494d7e1;Foi só nesse caso específico que o advogado de defesa tenta desconstruir a imagem da vítima, na tentativa de demonstrar que teria havido uma relação consensual...? Qual foi a novidade? Queriam que o advogado de defesa, vejam bem, DE DEFESA, corroborasse com as acusações da vítima? O cara está no papel dele, tentando confrontar a vítima na tentativa de demonstrar que ela estaria mentindo, que ela possa ser uma pessoa dissimulada, que a relação teria sido consensual, etc.Dito isso, tenho certeza que algumas pessoas, com interpretação limitada, vão achar que eu estou defendendo o acusado...;0;0;Difícil saber se, de fato, ela foi estuprada por esse empresário. Agora, no julgamento, não há dúvidas de que ela foi "estuprada" coletivamente! Uma covardia absurda que fizeram com ela!!! Não é possível que aqueles que estavam alí não sofra punições!!!;a1f4c69f-7d0f-427f-96d8-6ae04102450a;Caso mariana ferrer deputadas apresentam projeto para tornar crime a violencia instituciona;https://g1.globo.com/politica/noticia/2020/11/04/caso-mariana-ferrer-deputadas-apresentam-projeto-para-tornar-crime-a-violencia-institucional.ghtml
2f92a59c-80f6-432d-988f-765ab9348961;Bem, só sei que o “empresário” deve ter pago uma pequena fortuna para não pagar de mulherzinha na cadeia, simples assim. ;3;0;;a1f4c69f-7d0f-427f-96d8-6ae04102450a;Caso mariana ferrer deputadas apresentam projeto para tornar crime a violencia instituciona;https://g1.globo.com/politica/noticia/2020/11/04/caso-mariana-ferrer-deputadas-apresentam-projeto-para-tornar-crime-a-violencia-institucional.ghtml
087586a6-a4bd-4ac8-a3a7-5cc6b3066ba1;Com que provas voce diz isso? O cara sofreu uma falsa acusacao de estupro e voce fica do lado da criminosa? Voce é louco. ;4;0;Bem, só sei que o “empresário” deve ter pago uma pequena fortuna para não pagar de mulherzinha na cadeia, simples assim. ;a1f4c69f-7d0f-427f-96d8-6ae04102450a;Caso mariana ferrer deputadas apresentam projeto para tornar crime a violencia instituciona;https://g1.globo.com/politica/noticia/2020/11/04/caso-mariana-ferrer-deputadas-apresentam-projeto-para-tornar-crime-a-violencia-institucional.ghtml
ea7325e0-cfe8-4612-bf42-1ef84b2c4089;(Especialmente para Sandi Antonio Tadeu...)Onde foi o caso???...*Santa Catarina - um Estado nazifascista, onde um ex-aliado do Bozo foi impugnado. e uma herdeira de apólogos do nazifascismo - e aliadíssima do Bozo - assumiu o governo.*Mais explicações???...Vamos simplificar: *SANTA CATARINA - UM ESTADO NAZIFASCISTA ELEITOR DO BOZO.*Pronto: explicado e desenhado.;3;0;;a1f4c69f-7d0f-427f-96d8-6ae04102450a;Caso mariana ferrer deputadas apresentam projeto para tornar crime a violencia instituciona;https://g1.globo.com/politica/noticia/2020/11/04/caso-mariana-ferrer-deputadas-apresentam-projeto-para-tornar-crime-a-violencia-institucional.ghtml
0da00223-e405-481e-ad00-3238cedfea23;Típico esquerdista;2;0;(Especialmente para Sandi Antonio Tadeu...)Onde foi o caso???...*Santa Catarina - um Estado nazifascista, onde um ex-aliado do Bozo foi impugnado. e uma herdeira de apólogos do nazifascismo - e aliadíssima do Bozo - assumiu o governo.*Mais explicações???...Vamos simplificar: *SANTA CATARINA - UM ESTADO NAZIFASCISTA ELEITOR DO BOZO.*Pronto: explicado e desenhado.;a1f4c69f-7d0f-427f-96d8-6ae04102450a;Caso mariana ferrer deputadas apresentam projeto para tornar crime a violencia instituciona;https://g1.globo.com/politica/noticia/2020/11/04/caso-mariana-ferrer-deputadas-apresentam-projeto-para-tornar-crime-a-violencia-institucional.ghtml
c60e9322-8db6-487f-98d6-2b3b0c7e3fa4;Racista. :...;2;0;(Especialmente para Sandi Antonio Tadeu...)Onde foi o caso???...*Santa Catarina - um Estado nazifascista, onde um ex-aliado do Bozo foi impugnado. e uma herdeira de apólogos do nazifascismo - e aliadíssima do Bozo - assumiu o governo.*Mais explicações???...Vamos simplificar: *SANTA CATARINA - UM ESTADO NAZIFASCISTA ELEITOR DO BOZO.*Pronto: explicado e desenhado.;a1f4c69f-7d0f-427f-96d8-6ae04102450a;Caso mariana ferrer deputadas apresentam projeto para tornar crime a violencia instituciona;https://g1.globo.com/politica/noticia/2020/11/04/caso-mariana-ferrer-deputadas-apresentam-projeto-para-tornar-crime-a-violencia-institucional.ghtml
13bd8706-4049-46a4-8995-b3e0a5eddfe4;Quer dizer que o quê do que esta escrevendo o que mesmo. Aqui tem PeTero que não sabe nem escrever e fica escrevendo asneiras e asneiras. Resposta para a cambada que escreveu acima.;0;0;(Especialmente para Sandi Antonio Tadeu...)Onde foi o caso???...*Santa Catarina - um Estado nazifascista, onde um ex-aliado do Bozo foi impugnado. e uma herdeira de apólogos do nazifascismo - e aliadíssima do Bozo - assumiu o governo.*Mais explicações???...Vamos simplificar: *SANTA CATARINA - UM ESTADO NAZIFASCISTA ELEITOR DO BOZO.*Pronto: explicado e desenhado.;a1f4c69f-7d0f-427f-96d8-6ae04102450a;Caso mariana ferrer deputadas apresentam projeto para tornar crime a violencia instituciona;https://g1.globo.com/politica/noticia/2020/11/04/caso-mariana-ferrer-deputadas-apresentam-projeto-para-tornar-crime-a-violencia-institucional.ghtml
dcb2bbc7-cb67-42d9-9d26-3a2a86014df3;tem que passar esse processo para esfera federal e punir o estuprador, juiz e advogado, tem que punir para servir como exemplo ;3;0;;a1f4c69f-7d0f-427f-96d8-6ae04102450a;Caso mariana ferrer deputadas apresentam projeto para tornar crime a violencia instituciona;https://g1.globo.com/politica/noticia/2020/11/04/caso-mariana-ferrer-deputadas-apresentam-projeto-para-tornar-crime-a-violencia-institucional.ghtml
4941b67e-2815-42d1-9b43-c4d3a422a00b;Mas ele é inocente ué...;1;0;tem que passar esse processo para esfera federal e punir o estuprador, juiz e advogado, tem que punir para servir como exemplo ;a1f4c69f-7d0f-427f-96d8-6ae04102450a;Caso mariana ferrer deputadas apresentam projeto para tornar crime a violencia instituciona;https://g1.globo.com/politica/noticia/2020/11/04/caso-mariana-ferrer-deputadas-apresentam-projeto-para-tornar-crime-a-violencia-institucional.ghtml
